Amount,hour,day_of_week,is_night,card_txn_count_so_far,card_avg_amount_so_far,amount_vs_card_avg,true_label,proba,risk_tier
132.25,19,0,0,0,132.25,1.0,0,0.20091134,low_risk_log_only
15.0,16,6,0,0,15.0,1.0,0,0.00010642359,low_risk_log_only
30.0,12,4,0,0,30.0,1.0,0,0.06734671,low_risk_log_only
78.4,17,3,0,0,78.4,1.0,0,0.19614378,low_risk_log_only
23.0,16,0,0,0,23.0,1.0,0,0.031477965,low_risk_log_only
35.0,16,4,0,0,35.0,1.0,0,0.20403825,low_risk_log_only
190.4,1,6,1,0,190.4,1.0,0,0.4853751,medium_risk_human_review
92.0,6,3,0,0,92.0,1.0,0,0.13190596,low_risk_log_only
10.0,11,1,0,1,132.0,0.07575757575757576,0,0.050792426,low_risk_log_only
35.01,0,4,1,0,35.01,1.0,0,0.24088421,low_risk_log_only
145.6,23,5,1,0,145.6,1.0,0,0.2730159,low_risk_log_only
154.0,18,4,0,0,154.0,1.0,0,0.106324375,low_risk_log_only
121.0,14,3,0,0,121.0,1.0,0,0.18774818,low_risk_log_only
168.0,23,2,1,0,168.0,1.0,0,0.5777116,medium_risk_human_review
27.5,12,3,0,0,27.5,1.0,0,0.064026274,low_risk_log_only
264.0,21,0,0,0,264.0,1.0,0,0.15024166,low_risk_log_only
30.0,13,5,0,0,30.0,1.0,0,0.008002446,low_risk_log_only
77.0,17,3,0,1,112.0,0.6875,0,0.44242692,low_risk_log_only
572.0,20,4,0,0,572.0,1.0,0,0.3032071,low_risk_log_only
145.6,17,4,0,0,145.6,1.0,0,0.14156519,low_risk_log_only
112.0,22,0,0,0,112.0,1.0,0,0.31271002,low_risk_log_only
88.0,19,2,0,0,88.0,1.0,0,0.06514684,low_risk_log_only
121.0,18,4,0,0,121.0,1.0,0,0.2360067,low_risk_log_only
59.99,15,4,0,0,59.99,1.0,0,0.53285587,medium_risk_human_review
138.0,14,4,0,0,138.0,1.0,0,0.1667984,low_risk_log_only
69.0,18,1,0,0,69.0,1.0,0,0.17405652,low_risk_log_only
39.07,16,1,0,5,46.656,0.8374056927297668,1,0.95557284,high_risk_auto_flag
46.0,14,2,0,0,46.0,1.0,0,0.345005,low_risk_log_only
69.0,20,0,0,0,69.0,1.0,0,0.1877457,low_risk_log_only
33.0,17,5,0,0,33.0,1.0,0,0.030015655,low_risk_log_only
112.0,19,6,0,0,112.0,1.0,0,0.069914795,low_risk_log_only
112.0,13,0,0,0,112.0,1.0,0,0.10475311,low_risk_log_only
77.0,0,2,1,1,77.0,1.0,0,0.5534793,medium_risk_human_review
77.0,17,4,0,0,77.0,1.0,0,0.30663517,low_risk_log_only
132.25,19,0,0,0,132.25,1.0,0,0.20091134,low_risk_log_only
138.0,11,5,0,0,138.0,1.0,0,0.26329875,low_risk_log_only
62.1,10,5,0,0,62.1,1.0,0,0.03777034,low_risk_log_only
88.0,16,2,0,0,88.0,1.0,1,0.07779117,low_risk_log_only
154.0,19,3,0,0,154.0,1.0,0,0.0710791,low_risk_log_only
5.0,10,1,0,0,5.0,1.0,0,0.0039362824,low_risk_log_only
16.5,18,5,0,1,33.0,0.5,0,0.0031277987,low_risk_log_only
88.0,13,4,0,0,88.0,1.0,0,0.048683934,low_risk_log_only
91.35,13,2,0,0,91.35,1.0,0,0.023699166,low_risk_log_only
117.6,23,4,1,0,117.6,1.0,0,0.56157285,medium_risk_human_review
69.0,19,5,0,0,69.0,1.0,0,0.07712145,low_risk_log_only
672.0,10,4,0,0,672.0,1.0,0,0.6755662,medium_risk_human_review
154.0,6,4,0,0,154.0,1.0,0,0.21469529,low_risk_log_only
187.0,0,5,1,0,187.0,1.0,0,0.54165304,medium_risk_human_review
172.5,14,4,0,1,57.5,3.0,1,0.7356492,high_risk_auto_flag
34.5,20,5,0,1,103.5,0.3333333333333333,0,0.06629568,low_risk_log_only
49.5,13,2,0,1,33.0,1.5,0,0.36439034,low_risk_log_only
297.0,20,6,0,1,286.0,1.0384615384615385,0,0.5469676,medium_risk_human_review
34.5,8,0,0,0,34.5,1.0,0,0.070113145,low_risk_log_only
69.0,19,3,0,0,69.0,1.0,0,0.19271307,low_risk_log_only
156.8,22,1,0,0,156.8,1.0,0,0.04983251,low_risk_log_only
103.5,15,2,0,0,103.5,1.0,0,0.19178239,low_risk_log_only
69.0,20,1,0,0,69.0,1.0,0,0.17405652,low_risk_log_only
98.7,14,3,0,0,98.7,1.0,0,0.122603446,low_risk_log_only
220.0,16,0,0,7,117.85714285714286,1.8666666666666667,1,0.9985613,high_risk_auto_flag
154.0,15,2,0,0,154.0,1.0,0,0.04043079,low_risk_log_only
70.0,19,5,0,0,70.0,1.0,0,0.07076964,low_risk_log_only
275.0,0,1,1,0,275.0,1.0,0,0.35334718,low_risk_log_only
77.0,15,2,0,0,77.0,1.0,0,0.26029074,low_risk_log_only
55.0,12,3,0,0,55.0,1.0,0,0.49656302,medium_risk_human_review
672.0,10,4,0,0,672.0,1.0,1,0.6755662,medium_risk_human_review
308.0,21,1,0,0,308.0,1.0,0,0.114937305,low_risk_log_only
56.65,16,4,0,0,56.65,1.0,0,0.41247946,low_risk_log_only
110.0,12,5,0,4,46.0,2.391304347826087,0,0.94283485,high_risk_auto_flag
143.0,14,6,0,0,143.0,1.0,0,0.011603567,low_risk_log_only
112.0,23,1,1,2,112.0,1.0,0,0.9389341,high_risk_auto_flag
111.65,23,4,1,0,111.65,1.0,0,0.6122532,medium_risk_human_review
110.0,20,2,0,0,110.0,1.0,0,0.29055926,low_risk_log_only
245.0,8,3,0,0,245.0,1.0,0,0.030963128,low_risk_log_only
33.0,14,0,0,0,33.0,1.0,0,0.15655129,low_risk_log_only
89.6,13,6,0,0,89.6,1.0,0,0.007777452,low_risk_log_only
33.0,13,2,0,0,33.0,1.0,0,0.09686728,low_risk_log_only
46.0,19,3,0,0,46.0,1.0,0,0.21470033,low_risk_log_only
49.5,19,0,0,0,49.5,1.0,0,0.15887742,low_risk_log_only
48.0,14,5,0,0,48.0,1.0,0,0.051271807,low_risk_log_only
66.0,7,5,0,0,66.0,1.0,0,0.021332193,low_risk_log_only
291.2,20,5,0,0,291.2,1.0,0,0.3929814,low_risk_log_only
134.4,21,2,0,0,134.4,1.0,0,0.18470976,low_risk_log_only
10.0,23,4,1,0,10.0,1.0,0,0.00069117686,low_risk_log_only
122.53,0,0,1,0,122.53,1.0,0,0.29115185,low_risk_log_only
67.2,10,0,0,0,67.2,1.0,0,0.036562286,low_risk_log_only
55.0,23,1,1,0,55.0,1.0,0,0.22198606,low_risk_log_only
46.0,21,3,0,0,46.0,1.0,0,0.21470033,low_risk_log_only
145.6,14,3,0,0,145.6,1.0,0,0.09134881,low_risk_log_only
132.0,21,0,0,0,132.0,1.0,0,0.20091134,low_risk_log_only
69.0,11,6,0,0,69.0,1.0,0,0.017636424,low_risk_log_only
99.0,23,2,1,0,99.0,1.0,0,0.11087672,low_risk_log_only
143.0,17,0,0,0,143.0,1.0,0,0.07893135,low_risk_log_only
276.0,14,1,0,0,276.0,1.0,0,0.08933268,low_risk_log_only
145.6,0,3,1,0,145.6,1.0,0,0.37921894,low_risk_log_only
134.4,16,0,0,10,106.96,1.2565445026178013,1,0.9979634,high_risk_auto_flag
184.0,22,1,0,0,184.0,1.0,0,0.24612285,low_risk_log_only
46.0,13,3,0,0,46.0,1.0,0,0.52864385,medium_risk_human_review
36.0,11,2,0,0,36.0,1.0,0,0.20360829,low_risk_log_only
121.0,13,4,0,2,154.0,0.7857142857142857,0,0.26124594,low_risk_log_only
132.0,20,4,0,2,82.5,1.6,1,0.5284614,medium_risk_human_review
88.0,19,2,0,1,148.5,0.5925925925925926,0,0.09216115,low_risk_log_only
100.8,17,4,0,0,100.8,1.0,0,0.19153334,low_risk_log_only
100.0,14,0,0,0,100.0,1.0,0,0.08487313,low_risk_log_only
176.0,19,4,0,0,176.0,1.0,0,0.30439475,low_risk_log_only
308.0,10,4,0,0,308.0,1.0,0,0.09035988,low_risk_log_only
132.0,19,1,0,0,132.0,1.0,0,0.20345087,low_risk_log_only
145.6,18,4,0,1,145.6,1.0,1,0.3833274,low_risk_log_only
112.86,8,0,0,0,112.86,1.0,0,0.06960325,low_risk_log_only
70.0,11,4,0,0,70.0,1.0,0,0.20396475,low_risk_log_only
104.5,10,3,0,1,154.0,0.6785714285714286,0,0.08833185,low_risk_log_only
156.8,19,6,0,0,156.8,1.0,0,0.014937814,low_risk_log_only
291.2,0,4,1,0,291.2,1.0,0,0.35558215,low_risk_log_only
63.25,17,2,0,0,63.25,1.0,0,0.48392314,medium_risk_human_review
246.6,19,1,0,0,246.6,1.0,0,0.17886823,low_risk_log_only
56.0,0,3,1,0,56.0,1.0,0,0.5991775,medium_risk_human_review
46.0,14,5,0,0,46.0,1.0,0,0.1649843,low_risk_log_only
92.0,11,3,0,0,92.0,1.0,0,0.12267291,low_risk_log_only
30.0,15,5,0,1,20.0,1.5,0,0.020234002,low_risk_log_only
132.0,15,4,0,1,132.0,1.0,1,0.55971074,medium_risk_human_review
154.0,18,4,0,0,154.0,1.0,0,0.106324375,low_risk_log_only
67.2,10,3,0,0,67.2,1.0,0,0.06653247,low_risk_log_only
99.0,22,2,0,0,99.0,1.0,0,0.20508407,low_risk_log_only
5.0,14,3,0,0,5.0,1.0,0,0.001589994,low_risk_log_only
77.0,22,3,0,1,462.0,0.16666666666666666,0,0.35446277,low_risk_log_only
402.5,19,0,0,0,402.5,1.0,0,0.31215656,low_risk_log_only
25.0,21,1,0,0,25.0,1.0,0,0.23044811,low_risk_log_only
57.5,15,3,0,0,57.5,1.0,1,0.65765697,medium_risk_human_review
23.0,23,4,1,0,23.0,1.0,0,0.002239132,low_risk_log_only
220.0,20,2,0,0,220.0,1.0,0,0.29446372,low_risk_log_only
313.6,19,2,0,0,313.6,1.0,0,0.12734722,low_risk_log_only
154.0,18,3,0,0,154.0,1.0,0,0.0710791,low_risk_log_only
286.0,11,4,0,0,286.0,1.0,0,0.20282651,low_risk_log_only
46.0,16,3,0,0,46.0,1.0,0,0.60069776,medium_risk_human_review
161.0,15,2,0,0,161.0,1.0,0,0.044416502,low_risk_log_only
172.5,17,3,0,10,271.09499999999997,0.6363083052066619,1,0.994769,high_risk_auto_flag
123.3,21,3,0,0,123.3,1.0,0,0.23144096,low_risk_log_only
49.5,4,1,1,0,49.5,1.0,0,0.2184374,low_risk_log_only
286.0,18,0,0,0,286.0,1.0,0,0.11061976,low_risk_log_only
15.0,10,4,0,0,15.0,1.0,0,0.0015349056,low_risk_log_only
200.0,20,5,0,2,192.0,1.0416666666666667,0,0.9165814,high_risk_auto_flag
154.0,21,1,0,0,154.0,1.0,0,0.04755904,low_risk_log_only
110.0,0,2,1,0,110.0,1.0,0,0.15077195,low_risk_log_only
99.0,10,3,0,1,148.5,0.6666666666666666,0,0.0599596,low_risk_log_only
100.8,13,3,0,0,100.8,1.0,0,0.13462876,low_risk_log_only
156.8,19,3,0,1,69.0,2.272463768115942,0,0.51046026,medium_risk_human_review
46.0,14,3,0,2,46.0,1.0,1,0.9645675,high_risk_auto_flag
179.2,11,4,0,0,179.2,1.0,0,0.3838933,low_risk_log_only
20.0,14,5,0,0,20.0,1.0,0,0.0007154874,low_risk_log_only
64.19,8,1,0,0,64.19,1.0,0,0.030175678,low_risk_log_only
48.0,23,2,1,0,48.0,1.0,0,0.0784396,low_risk_log_only
572.0,9,2,0,0,572.0,1.0,0,0.15993081,low_risk_log_only
33.0,1,5,1,0,33.0,1.0,0,0.026671385,low_risk_log_only
103.5,20,5,0,0,103.5,1.0,0,0.21423008,low_risk_log_only
60.0,22,3,0,0,60.0,1.0,0,0.47730377,medium_risk_human_review
60.89,22,4,0,0,60.89,1.0,0,0.46060953,medium_risk_human_review
156.8,18,2,0,0,156.8,1.0,0,0.04983251,low_risk_log_only
26.5,11,5,0,0,26.5,1.0,0,0.017309444,low_risk_log_only
176.0,21,3,0,0,176.0,1.0,0,0.30439475,low_risk_log_only
34.5,7,3,0,1,31.05,1.1111111111111112,0,0.052739322,low_risk_log_only
112.0,0,0,1,1,220.0,0.509090909090909,0,0.4853396,medium_risk_human_review
104.5,10,0,0,0,104.5,1.0,0,0.122009516,low_risk_log_only
89.6,22,0,0,0,89.6,1.0,0,0.07015829,low_risk_log_only
44.8,18,1,0,0,44.8,1.0,0,0.09291276,low_risk_log_only
110.0,15,0,0,1,55.0,2.0,0,0.6527174,medium_risk_human_review
132.0,9,2,0,1,132.0,1.0,0,0.25900805,low_risk_log_only
78.4,13,0,0,0,78.4,1.0,0,0.05791213,low_risk_log_only
43.0,10,5,0,0,43.0,1.0,0,0.026865484,low_risk_log_only
46.0,0,4,1,0,46.0,1.0,0,0.5856996,medium_risk_human_review
66.0,16,4,0,0,66.0,1.0,0,0.56768274,medium_risk_human_review
143.0,9,0,0,0,143.0,1.0,0,0.021939263,low_risk_log_only
179.2,13,4,0,0,179.2,1.0,0,0.2314746,low_risk_log_only
462.0,1,3,1,0,462.0,1.0,0,0.84164226,high_risk_auto_flag
103.5,21,4,0,0,103.5,1.0,0,0.18499698,low_risk_log_only
110.0,19,3,0,0,110.0,1.0,0,0.31691194,low_risk_log_only
99.0,9,2,0,0,99.0,1.0,0,0.047535155,low_risk_log_only
154.0,22,3,0,1,120.75,1.2753623188405796,0,0.41024983,low_risk_log_only
104.5,20,4,0,0,104.5,1.0,0,0.18499698,low_risk_log_only
55.0,10,2,0,1,55.0,1.0,0,0.5208199,medium_risk_human_review
330.0,18,4,0,0,330.0,1.0,0,0.6782657,medium_risk_human_review
92.0,19,1,0,0,92.0,1.0,0,0.0756716,low_risk_log_only
112.0,10,5,0,0,112.0,1.0,0,0.38525328,low_risk_log_only
660.0,22,0,0,0,660.0,1.0,1,0.06779697,low_risk_log_only
100.0,17,4,0,0,100.0,1.0,0,0.19153334,low_risk_log_only
216.0,22,2,0,0,216.0,1.0,0,0.43381757,low_risk_log_only
148.5,20,6,0,0,148.5,1.0,0,0.013638394,low_risk_log_only
103.5,10,2,0,0,103.5,1.0,0,0.04943432,low_risk_log_only
89.6,11,0,0,0,89.6,1.0,0,0.04146832,low_risk_log_only
242.0,16,4,0,1,121.0,2.0,0,0.550593,medium_risk_human_review
330.0,21,4,0,0,330.0,1.0,0,0.6782657,medium_risk_human_review
80.5,15,0,0,0,80.5,1.0,0,0.08929939,low_risk_log_only
184.0,20,6,0,0,184.0,1.0,0,0.037179623,low_risk_log_only
89.6,10,3,0,0,89.6,1.0,0,0.034401365,low_risk_log_only
176.0,19,0,0,0,176.0,1.0,0,0.16474296,low_risk_log_only
154.0,10,3,0,0,154.0,1.0,0,0.07598661,low_risk_log_only
156.8,22,1,0,0,156.8,1.0,0,0.04983251,low_risk_log_only
418.0,14,5,0,1,418.0,1.0,1,0.9428982,high_risk_auto_flag
110.0,11,4,0,0,110.0,1.0,0,0.42589888,low_risk_log_only
112.0,15,0,0,1,89.6,1.25,0,0.1714984,low_risk_log_only
89.6,12,0,0,0,89.6,1.0,0,0.027993167,low_risk_log_only
115.0,8,4,0,0,115.0,1.0,0,0.1475785,low_risk_log_only
336.0,12,1,0,0,336.0,1.0,0,0.05898226,low_risk_log_only
88.0,18,4,0,1,88.0,1.0,0,0.25562245,low_risk_log_only
156.8,16,0,0,0,156.8,1.0,0,0.053081065,low_risk_log_only
138.0,12,3,0,0,138.0,1.0,0,0.1406052,low_risk_log_only
34.5,23,3,1,0,34.5,1.0,0,0.05739143,low_risk_log_only
88.0,20,3,0,0,88.0,1.0,0,0.073163785,low_risk_log_only
190.4,18,3,0,0,190.4,1.0,0,0.4179861,low_risk_log_only
201.25,18,0,0,0,201.25,1.0,0,0.27563342,low_risk_log_only
330.0,16,3,0,1,330.0,1.0,0,0.93950045,high_risk_auto_flag
69.0,13,2,0,0,69.0,1.0,0,0.05116942,low_risk_log_only
126.5,11,2,0,0,126.5,1.0,0,0.21845447,low_risk_log_only
36.66,18,4,0,0,36.66,1.0,0,0.2935064,low_risk_log_only
121.0,21,4,0,0,121.0,1.0,0,0.2360067,low_risk_log_only
99.0,12,4,0,0,99.0,1.0,0,0.15719481,low_risk_log_only
13.0,19,3,0,1,134.4,0.09672619047619047,0,0.010533767,low_risk_log_only
121.0,10,5,0,0,121.0,1.0,0,0.29433846,low_risk_log_only
179.2,22,2,0,1,156.8,1.1428571428571428,0,0.2509167,low_risk_log_only
110.0,14,4,0,0,110.0,1.0,0,0.25533983,low_risk_log_only
440.0,23,0,1,5,338.15,1.3011976933313618,1,0.9820197,high_risk_auto_flag
46.0,16,4,0,0,46.0,1.0,1,0.60069776,medium_risk_human_review
46.0,15,4,0,0,46.0,1.0,0,0.6280038,medium_risk_human_review
23.0,13,1,0,0,23.0,1.0,0,0.01094208,low_risk_log_only
116.72,12,5,0,0,116.72,1.0,0,0.32190192,low_risk_log_only
10.0,19,3,0,0,10.0,1.0,0,0.001002192,low_risk_log_only
20.0,13,3,0,0,20.0,1.0,0,0.0047525354,low_risk_log_only
80.0,20,6,0,0,80.0,1.0,0,0.023746295,low_risk_log_only
172.5,1,4,1,0,172.5,1.0,0,0.41342458,low_risk_log_only
132.25,19,0,0,0,132.25,1.0,0,0.20091134,low_risk_log_only
15.0,10,3,0,0,15.0,1.0,0,0.0015349056,low_risk_log_only
264.5,18,0,0,0,264.5,1.0,0,0.10619314,low_risk_log_only
115.0,22,3,0,0,115.0,1.0,0,0.33939907,low_risk_log_only
77.0,23,0,1,0,77.0,1.0,0,0.18675779,low_risk_log_only
15.0,3,6,1,0,15.0,1.0,0,0.00069268787,low_risk_log_only
172.5,18,3,0,11,262.1318181818182,0.6580658586068772,1,0.9950315,high_risk_auto_flag
154.0,12,2,0,0,154.0,1.0,0,0.015207105,low_risk_log_only
44.8,16,0,0,0,44.8,1.0,0,0.26595467,low_risk_log_only
78.4,14,0,0,0,78.4,1.0,0,0.07088559,low_risk_log_only
110.0,19,4,0,0,110.0,1.0,0,0.31691194,low_risk_log_only
132.0,18,4,0,1,66.0,2.0,0,0.68945366,medium_risk_human_review
324.5,12,2,0,0,324.5,1.0,0,0.088033706,low_risk_log_only
46.0,13,3,0,1,46.0,1.0,1,0.8512179,high_risk_auto_flag
112.0,12,0,0,0,112.0,1.0,0,0.11575414,low_risk_log_only
15.0,17,5,0,1,15.0,1.0,0,0.004802115,low_risk_log_only
23.0,18,3,0,0,23.0,1.0,0,0.0026222628,low_risk_log_only
88.0,23,3,1,1,88.0,1.0,0,0.2997527,low_risk_log_only
10.0,10,3,0,0,10.0,1.0,0,0.0015349056,low_risk_log_only
15.0,23,5,1,1,15.0,1.0,0,0.0010057372,low_risk_log_only
53.0,22,2,0,0,53.0,1.0,0,0.20980237,low_risk_log_only
46.0,21,2,0,0,46.0,1.0,0,0.184142,low_risk_log_only
268.8,12,3,0,0,268.8,1.0,0,0.1659729,low_risk_log_only
134.4,14,2,0,0,134.4,1.0,0,0.07714142,low_risk_log_only
336.0,22,6,0,0,336.0,1.0,0,0.027564498,low_risk_log_only
275.0,19,0,0,0,275.0,1.0,0,0.10619314,low_risk_log_only
34.5,0,3,1,0,34.5,1.0,0,0.14967258,low_risk_log_only
77.0,16,0,0,0,77.0,1.0,0,0.4777351,medium_risk_human_review
77.0,19,0,0,0,77.0,1.0,0,0.3837607,low_risk_log_only
80.5,11,3,0,0,80.5,1.0,0,0.13415314,low_risk_log_only
460.0,23,1,1,2,356.5,1.2903225806451613,1,0.95704144,high_risk_auto_flag
30.0,14,2,0,0,30.0,1.0,0,0.117479265,low_risk_log_only
34.5,16,2,0,0,34.5,1.0,0,0.39315027,low_risk_log_only
44.42,9,3,0,1,310.32,0.1431425625161124,0,0.16553462,low_risk_log_only
170.0,19,1,0,0,170.0,1.0,0,0.23987117,low_risk_log_only
45.2,20,0,0,3,74.8,0.6042780748663102,0,0.8542759,high_risk_auto_flag
55.0,18,4,0,1,55.0,1.0,0,0.67547894,medium_risk_human_review
13.5,10,2,0,0,13.5,1.0,0,0.0031495627,low_risk_log_only
630.0,10,0,0,0,630.0,1.0,0,0.03783727,low_risk_log_only
70.0,17,4,0,0,70.0,1.0,0,0.17148478,low_risk_log_only
104.5,16,4,0,0,104.5,1.0,0,0.1888245,low_risk_log_only
848.0,12,5,0,1,20.0,42.4,0,0.014612085,low_risk_log_only
132.0,19,0,0,0,132.0,1.0,0,0.20091134,low_risk_log_only
154.0,12,4,0,0,154.0,1.0,0,0.121591255,low_risk_log_only
115.0,16,4,0,0,115.0,1.0,0,0.35131982,low_risk_log_only
66.0,17,2,0,0,66.0,1.0,0,0.53524095,medium_risk_human_review
77.0,10,3,0,0,77.0,1.0,0,0.13354437,low_risk_log_only
112.0,23,6,1,0,112.0,1.0,0,0.74938285,high_risk_auto_flag
165.0,14,5,0,2,165.0,1.0,1,0.96286094,high_risk_auto_flag
291.2,17,4,0,0,291.2,1.0,0,0.39292628,low_risk_log_only
148.5,21,6,0,0,148.5,1.0,0,0.013638394,low_risk_log_only
78.4,20,5,0,0,78.4,1.0,0,0.073191516,low_risk_log_only
23.0,20,4,0,1,69.0,0.3333333333333333,0,0.035117514,low_risk_log_only
31.05,15,0,0,0,31.05,1.0,0,0.35537425,low_risk_log_only
78.4,18,0,0,0,78.4,1.0,0,0.1577579,low_risk_log_only
46.0,13,3,0,2,46.0,1.0,1,0.9639789,high_risk_auto_flag
198.0,12,1,0,0,198.0,1.0,0,0.22162017,low_risk_log_only
23.35,16,1,0,1,92.0,0.25380434782608696,0,0.05524589,low_risk_log_only
89.6,0,1,1,0,89.6,1.0,0,0.07392008,low_risk_log_only
224.0,8,0,0,0,224.0,1.0,0,0.019981155,low_risk_log_only
62.1,8,3,0,0,62.1,1.0,0,0.14418249,low_risk_log_only
145.6,21,6,0,0,145.6,1.0,0,0.014871542,low_risk_log_only
92.0,20,4,0,0,92.0,1.0,0,0.08486615,low_risk_log_only
28.75,22,6,0,1,57.5,0.5,0,0.0079170875,low_risk_log_only
100.8,19,3,0,0,100.8,1.0,0,0.2261557,low_risk_log_only
105.0,17,6,0,0,105.0,1.0,0,0.0283593,low_risk_log_only
55.0,0,4,1,0,55.0,1.0,0,0.7253543,high_risk_auto_flag
143.0,1,2,1,1,143.0,1.0,0,0.18942706,low_risk_log_only
145.6,23,1,1,0,145.6,1.0,0,0.13782404,low_risk_log_only
99.0,11,5,0,3,23.0,4.304347826086956,0,0.39596245,low_risk_log_only
104.5,10,3,0,0,104.5,1.0,0,0.21077296,low_risk_log_only
46.0,19,5,0,0,46.0,1.0,0,0.0450539,low_risk_log_only
308.0,15,3,0,0,308.0,1.0,0,0.16240619,low_risk_log_only
100.8,11,3,0,0,100.8,1.0,0,0.3123309,low_risk_log_only
154.0,23,2,1,0,154.0,1.0,0,0.09473539,low_risk_log_only
132.25,16,1,0,0,132.25,1.0,1,0.25319645,low_risk_log_only
123.3,1,3,1,0,123.3,1.0,1,0.4141017,low_risk_log_only
112.0,22,6,0,0,112.0,1.0,0,0.069914795,low_risk_log_only
46.0,18,4,0,1,47.37,0.9710787418197172,0,0.23832166,low_risk_log_only
48.0,12,2,0,0,48.0,1.0,0,0.11361335,low_risk_log_only
77.0,11,4,0,0,77.0,1.0,0,0.35378256,low_risk_log_only
154.0,11,0,0,0,154.0,1.0,0,0.02039015,low_risk_log_only
46.0,16,3,0,2,46.0,1.0,1,0.9668686,high_risk_auto_flag
55.0,14,6,0,0,55.0,1.0,0,0.01988832,low_risk_log_only
242.0,14,4,0,0,242.0,1.0,0,0.09651444,low_risk_log_only
352.0,14,5,0,0,352.0,1.0,0,0.32775253,low_risk_log_only
104.5,16,1,0,0,104.5,1.0,0,0.2249137,low_risk_log_only
88.0,0,4,1,1,121.0,0.7272727272727273,0,0.1580404,low_risk_log_only
99.0,14,5,0,1,99.0,1.0,0,0.51637554,medium_risk_human_review
308.0,15,4,0,0,308.0,1.0,0,0.16240619,low_risk_log_only
112.0,22,1,0,0,112.0,1.0,0,0.31610364,low_risk_log_only
99.0,19,4,0,0,99.0,1.0,0,0.1876636,low_risk_log_only
66.0,14,2,0,0,66.0,1.0,0,0.27171436,low_risk_log_only
30.53,23,6,1,0,30.53,1.0,0,0.04724586,low_risk_log_only
184.0,15,6,0,0,184.0,1.0,0,0.044060316,low_risk_log_only
134.4,22,1,0,1,56.0,2.4,0,0.6205744,medium_risk_human_review
88.0,17,4,0,0,88.0,1.0,0,0.08485553,low_risk_log_only
34.5,15,4,0,0,34.5,1.0,0,0.14183733,low_risk_log_only
165.0,10,1,0,0,165.0,1.0,0,0.0767094,low_risk_log_only
82.5,22,1,0,0,82.5,1.0,0,0.07861298,low_risk_log_only
253.0,19,1,0,0,253.0,1.0,0,0.26528803,low_risk_log_only
308.0,14,2,0,0,308.0,1.0,0,0.06969544,low_risk_log_only
40.0,12,3,0,0,40.0,1.0,0,0.21326655,low_risk_log_only
48.0,10,0,0,0,48.0,1.0,0,0.08671566,low_risk_log_only
88.0,10,3,0,1,134.4,0.6547619047619048,0,0.08798345,low_risk_log_only
35.0,17,1,0,0,35.0,1.0,0,0.4044638,low_risk_log_only
275.0,3,2,1,1,275.0,1.0,0,0.7431011,high_risk_auto_flag
172.5,13,4,0,0,172.5,1.0,0,0.25792864,low_risk_log_only
100.8,15,0,0,0,100.8,1.0,0,0.20563313,low_risk_log_only
5.0,16,5,0,1,10.0,0.5,0,0.0011543982,low_risk_log_only
46.0,22,4,0,0,46.0,1.0,0,0.27887267,low_risk_log_only
23.0,21,3,0,0,23.0,1.0,0,0.0026222628,low_risk_log_only
154.0,0,3,1,1,73.34,2.099809108262885,0,0.53167486,medium_risk_human_review
70.0,23,5,1,0,70.0,1.0,0,0.032695543,low_risk_log_only
154.0,16,4,0,0,154.0,1.0,0,0.09793571,low_risk_log_only
96.42,20,5,0,0,96.42,1.0,0,0.41137213,low_risk_log_only
46.69,18,6,0,0,46.69,1.0,0,0.0067748986,low_risk_log_only
153.0,6,2,0,6,51.419999999999995,2.975495915985998,1,0.99553216,high_risk_auto_flag
132.25,22,0,0,0,132.25,1.0,0,0.20091134,low_risk_log_only
165.0,11,5,0,0,165.0,1.0,0,0.41489378,low_risk_log_only
143.0,16,3,0,0,143.0,1.0,0,0.110633455,low_risk_log_only
46.0,15,4,0,0,46.0,1.0,0,0.6280038,medium_risk_human_review
34.5,21,4,0,0,34.5,1.0,0,0.12224219,low_risk_log_only
155.25,23,0,1,0,155.25,1.0,0,0.09906583,low_risk_log_only
69.0,20,1,0,0,69.0,1.0,0,0.17405652,low_risk_log_only
89.6,12,0,0,0,89.6,1.0,0,0.027993167,low_risk_log_only
143.0,13,6,0,0,143.0,1.0,0,0.009592159,low_risk_log_only
257.6,22,0,0,0,257.6,1.0,0,0.18334626,low_risk_log_only
31.05,12,3,0,1,31.05,1.0,0,0.39342982,low_risk_log_only
302.4,23,6,1,0,302.4,1.0,0,0.08568666,low_risk_log_only
78.96,19,0,0,0,78.96,1.0,0,0.1577579,low_risk_log_only
112.0,20,6,0,0,112.0,1.0,0,0.069914795,low_risk_log_only
280.0,19,3,0,1,145.6,1.9230769230769231,0,0.28550547,low_risk_log_only
258.5,14,0,0,0,258.5,1.0,0,0.08006541,low_risk_log_only
154.0,14,0,0,0,154.0,1.0,0,0.019885574,low_risk_log_only
99.0,18,4,0,0,99.0,1.0,0,0.1876636,low_risk_log_only
572.0,17,6,0,0,572.0,1.0,0,0.02983822,low_risk_log_only
27.0,11,4,0,0,27.0,1.0,0,0.10489824,low_risk_log_only
275.0,12,5,0,0,275.0,1.0,0,0.2573244,low_risk_log_only
168.0,16,5,0,0,168.0,1.0,0,0.6166357,medium_risk_human_review
92.0,15,0,0,0,92.0,1.0,0,0.0859954,low_risk_log_only
198.0,13,2,0,0,198.0,1.0,0,0.18374063,low_risk_log_only
268.9,17,4,0,0,268.9,1.0,0,0.22004324,low_risk_log_only
440.0,1,1,1,0,440.0,1.0,0,0.48555312,medium_risk_human_review
112.0,15,0,0,0,112.0,1.0,0,0.28360656,low_risk_log_only
110.0,17,2,0,0,110.0,1.0,0,0.33144268,low_risk_log_only
436.8,21,0,0,0,436.8,1.0,0,0.21028489,low_risk_log_only
62.1,20,2,0,0,62.1,1.0,0,0.42904618,low_risk_log_only
67.2,16,6,0,0,67.2,1.0,0,0.010809125,low_risk_log_only
161.0,17,3,0,1,80.5,2.0,0,0.5524797,medium_risk_human_review
34.5,22,1,0,0,34.5,1.0,0,0.44988114,low_risk_log_only
46.0,15,4,0,3,46.0,1.0,1,0.9842406,high_risk_auto_flag
77.0,21,6,0,0,77.0,1.0,0,0.017714888,low_risk_log_only
172.75,19,1,0,0,172.75,1.0,0,0.24082218,low_risk_log_only
16.5,19,3,0,0,16.5,1.0,0,0.001002192,low_risk_log_only
34.5,8,4,0,0,34.5,1.0,0,0.026696164,low_risk_log_only
165.0,18,3,0,0,165.0,1.0,0,0.40926203,low_risk_log_only
104.5,21,6,0,0,104.5,1.0,0,0.022834778,low_risk_log_only
154.0,18,4,0,2,100.15,1.5376934598102845,0,0.8046869,high_risk_auto_flag
100.0,10,5,0,0,100.0,1.0,0,0.12579663,low_risk_log_only
184.0,17,4,0,0,184.0,1.0,0,0.32524747,low_risk_log_only
462.0,15,4,0,0,462.0,1.0,0,0.7129154,high_risk_auto_flag
110.0,14,0,0,0,110.0,1.0,0,0.14430314,low_risk_log_only
286.0,14,4,0,0,286.0,1.0,0,0.18641406,low_risk_log_only
88.0,13,5,0,0,88.0,1.0,0,0.11899218,low_risk_log_only
112.0,11,0,0,0,112.0,1.0,0,0.16433291,low_risk_log_only
121.0,18,4,0,1,110.0,1.1,0,0.41201,low_risk_log_only
104.5,11,4,0,0,104.5,1.0,0,0.26077402,low_risk_log_only
92.0,14,4,0,0,92.0,1.0,0,0.06414423,low_risk_log_only
190.4,20,5,0,0,190.4,1.0,0,0.36697277,low_risk_log_only
89.6,0,6,1,1,78.4,1.1428571428571428,0,0.17463648,low_risk_log_only
154.0,22,3,0,0,154.0,1.0,0,0.065219395,low_risk_log_only
220.0,1,2,1,0,220.0,1.0,0,0.33002564,low_risk_log_only
46.0,14,3,0,1,34.5,1.3333333333333333,0,0.32129085,low_risk_log_only
13.5,16,4,0,0,13.5,1.0,0,0.00229204,low_risk_log_only
46.0,16,4,0,0,46.0,1.0,0,0.60069776,medium_risk_human_review
30.0,10,4,0,0,30.0,1.0,0,0.033655208,low_risk_log_only
34.5,18,4,0,0,34.5,1.0,0,0.12224219,low_risk_log_only
121.0,14,2,0,0,121.0,1.0,0,0.08452277,low_risk_log_only
99.0,15,5,0,0,99.0,1.0,0,0.26546735,low_risk_log_only
154.0,9,3,0,0,154.0,1.0,0,0.07598661,low_risk_log_only
198.0,21,0,0,0,198.0,1.0,0,0.1716017,low_risk_log_only
154.0,12,3,0,1,99.0,1.5555555555555556,0,0.45065397,medium_risk_human_review
99.0,14,1,0,0,99.0,1.0,0,0.08210594,low_risk_log_only
134.4,21,0,0,0,134.4,1.0,0,0.1823506,low_risk_log_only
55.0,10,4,0,0,55.0,1.0,1,0.31165197,low_risk_log_only
23.0,21,5,0,0,23.0,1.0,0,0.00040832174,low_risk_log_only
200.0,16,1,0,0,200.0,1.0,0,0.29304066,low_risk_log_only
100.8,21,5,0,1,100.8,1.0,0,0.45912144,medium_risk_human_review
10.0,17,5,0,0,10.0,1.0,0,0.00047278797,low_risk_log_only
112.0,19,4,0,0,112.0,1.0,0,0.34365085,low_risk_log_only
20.0,14,5,0,0,20.0,1.0,0,0.0007154874,low_risk_log_only
20.0,12,6,0,0,20.0,1.0,0,0.00025507621,low_risk_log_only
308.0,22,0,0,0,308.0,1.0,0,0.07471307,low_risk_log_only
156.8,13,5,0,0,156.8,1.0,0,0.16550943,low_risk_log_only
46.0,13,3,0,3,46.0,1.0,1,0.9810043,high_risk_auto_flag
168.0,1,5,1,0,168.0,1.0,0,0.3962437,low_risk_log_only
62.1,19,3,0,0,62.1,1.0,0,0.45981827,medium_risk_human_review
69.0,19,2,0,0,69.0,1.0,0,0.17405652,low_risk_log_only
156.8,14,1,0,0,156.8,1.0,0,0.020865139,low_risk_log_only
31.59,16,2,0,0,31.59,1.0,0,0.3610306,low_risk_log_only
57.5,16,4,0,0,57.5,1.0,0,0.64072305,medium_risk_human_review
10.0,20,5,0,0,10.0,1.0,0,0.00020178207,low_risk_log_only
46.0,7,0,0,0,46.0,1.0,0,0.06879567,low_risk_log_only
138.0,14,1,0,0,138.0,1.0,0,0.07178663,low_risk_log_only
121.0,18,3,0,0,121.0,1.0,0,0.2360067,low_risk_log_only
154.0,23,0,1,1,253.0,0.6086956521739131,0,0.36857268,low_risk_log_only
143.0,15,4,0,0,143.0,1.0,0,0.14596123,low_risk_log_only
165.0,21,2,0,0,165.0,1.0,0,0.3607556,low_risk_log_only
138.0,16,2,0,0,138.0,1.0,0,0.20137891,low_risk_log_only
55.0,13,5,0,1,55.0,1.0,0,0.36349854,low_risk_log_only
46.0,12,3,0,0,46.0,1.0,0,0.56231076,medium_risk_human_review
46.0,14,1,0,0,46.0,1.0,0,0.345005,low_risk_log_only
34.5,21,3,0,0,34.5,1.0,0,0.109677106,low_risk_log_only
44.8,21,0,0,0,44.8,1.0,0,0.10100061,low_risk_log_only
43.42,19,5,0,0,43.42,1.0,0,0.025648378,low_risk_log_only
149.5,9,3,0,0,149.5,1.0,0,0.07598661,low_risk_log_only
143.0,18,3,0,0,143.0,1.0,0,0.10412538,low_risk_log_only
114.94,23,0,1,0,114.94,1.0,0,0.48027092,medium_risk_human_review
308.0,0,2,1,0,308.0,1.0,0,0.15514046,low_risk_log_only
440.0,22,1,0,1,156.8,2.8061224489795915,0,0.40944147,low_risk_log_only
418.0,20,1,0,1,46.2,9.047619047619047,1,0.34529796,low_risk_log_only
67.2,22,1,0,0,67.2,1.0,0,0.13714182,low_risk_log_only
235.2,11,1,0,0,235.2,1.0,0,0.064276546,low_risk_log_only
55.0,8,4,0,0,55.0,1.0,0,0.1699219,low_risk_log_only
95.2,17,3,0,0,95.2,1.0,0,0.1817216,low_risk_log_only
302.4,17,5,0,0,302.4,1.0,0,0.5932339,medium_risk_human_review
33.0,20,5,0,0,33.0,1.0,0,0.015384543,low_risk_log_only
110.0,13,2,0,1,110.0,1.0,0,0.585002,medium_risk_human_review
120.75,13,3,0,0,120.75,1.0,0,0.16015051,low_risk_log_only
15.0,14,2,0,0,15.0,1.0,0,0.0032853417,low_risk_log_only
154.0,19,1,0,0,154.0,1.0,0,0.04755904,low_risk_log_only
132.0,13,1,0,0,132.0,1.0,0,0.07338596,low_risk_log_only
69.0,9,4,0,0,69.0,1.0,0,0.07334485,low_risk_log_only
36.66,19,2,0,0,36.66,1.0,0,0.16101083,low_risk_log_only
46.0,13,3,0,0,46.0,1.0,1,0.52864385,medium_risk_human_review
154.0,8,2,0,0,154.0,1.0,0,0.006264735,low_risk_log_only
132.0,22,3,0,0,132.0,1.0,0,0.2244021,low_risk_log_only
110.0,13,4,0,0,110.0,1.0,0,0.22050396,low_risk_log_only
115.5,22,4,0,0,115.5,1.0,0,0.27667695,low_risk_log_only
70.0,22,0,0,0,70.0,1.0,0,0.1499725,low_risk_log_only
88.0,0,4,1,0,88.0,1.0,0,0.15043606,low_risk_log_only
78.4,10,1,0,0,78.4,1.0,0,0.034003153,low_risk_log_only
20.0,17,3,0,0,20.0,1.0,0,0.008505153,low_risk_log_only
132.0,20,4,0,0,132.0,1.0,0,0.2244021,low_risk_log_only
89.6,15,1,0,0,89.6,1.0,0,0.06952215,low_risk_log_only
69.0,16,0,0,0,69.0,1.0,0,0.23104538,low_risk_log_only
154.0,13,4,0,0,154.0,1.0,1,0.11158124,low_risk_log_only
15.0,15,5,0,1,15.0,1.0,0,0.0030336515,low_risk_log_only
100.0,17,4,0,0,100.0,1.0,0,0.19153334,low_risk_log_only
138.0,21,1,0,0,138.0,1.0,0,0.17329012,low_risk_log_only
104.5,16,4,0,1,104.5,1.0,0,0.57020557,medium_risk_human_review
36.54,19,6,0,0,36.54,1.0,0,0.009852605,low_risk_log_only
258.5,18,4,0,0,258.5,1.0,0,0.31912675,low_risk_log_only
275.0,10,4,0,0,275.0,1.0,0,0.12752406,low_risk_log_only
60.0,20,5,0,0,60.0,1.0,0,0.08060964,low_risk_log_only
66.0,17,1,0,0,66.0,1.0,0,0.366015,low_risk_log_only
132.0,21,3,0,0,132.0,1.0,0,0.2244021,low_risk_log_only
46.0,19,0,0,0,46.0,1.0,0,0.19843382,low_risk_log_only
154.0,2,4,1,0,154.0,1.0,0,0.49469534,medium_risk_human_review
66.0,21,3,0,0,66.0,1.0,0,0.46684182,medium_risk_human_review
34.5,16,3,0,0,34.5,1.0,0,0.20403825,low_risk_log_only
88.0,21,1,0,0,88.0,1.0,0,0.06514684,low_risk_log_only
53.29,21,3,0,1,210.0,0.25376190476190474,0,0.112666786,low_risk_log_only
46.69,10,4,0,1,31.59,1.4779993668882556,0,0.09286943,low_risk_log_only
20.0,10,6,0,0,20.0,1.0,0,0.00019904246,low_risk_log_only
103.5,15,2,0,0,103.5,1.0,0,0.19178239,low_risk_log_only
20.0,15,4,0,0,20.0,1.0,0,0.0049437243,low_risk_log_only
40.0,9,6,0,0,40.0,1.0,0,0.0050087823,low_risk_log_only
110.0,14,3,0,1,110.0,1.0,0,0.6615085,medium_risk_human_review
165.0,18,2,0,0,165.0,1.0,0,0.3607556,low_risk_log_only
78.4,14,4,0,0,78.4,1.0,0,0.1316452,low_risk_log_only
209.0,22,3,0,0,209.0,1.0,0,0.4816469,medium_risk_human_review
120.0,15,4,0,0,120.0,1.0,0,0.2886694,low_risk_log_only
55.0,16,4,0,0,55.0,1.0,0,0.54611915,medium_risk_human_review
23.0,22,3,0,0,23.0,1.0,0,0.00370511,low_risk_log_only
143.0,21,1,0,0,143.0,1.0,0,0.07050013,low_risk_log_only
198.0,14,4,0,0,198.0,1.0,0,0.23803899,low_risk_log_only
16.5,20,1,0,0,16.5,1.0,0,0.0029626878,low_risk_log_only
104.5,0,2,1,0,104.5,1.0,0,0.0964951,low_risk_log_only
110.0,14,2,0,0,110.0,1.0,0,0.13989453,low_risk_log_only
220.0,22,0,0,0,220.0,1.0,0,0.18760782,low_risk_log_only
154.0,19,0,0,0,154.0,1.0,0,0.044434074,low_risk_log_only
264.0,23,4,1,1,264.0,1.0,1,0.85013115,high_risk_auto_flag
103.5,15,2,0,0,103.5,1.0,0,0.19178239,low_risk_log_only
89.6,17,0,0,1,89.6,1.0,0,0.45448127,medium_risk_human_review
220.0,22,2,0,3,359.3333333333333,0.6122448979591837,1,0.9508571,high_risk_auto_flag
380.8,8,1,0,0,380.8,1.0,0,0.034708582,low_risk_log_only
34.5,8,4,0,1,34.5,1.0,0,0.1719913,low_risk_log_only
126.5,9,4,0,2,126.5,1.0,1,0.9675964,high_risk_auto_flag
92.0,22,4,0,0,92.0,1.0,0,0.08486615,low_risk_log_only
89.6,23,0,1,2,145.60000000000002,0.6153846153846152,0,0.104014404,low_risk_log_only
89.6,20,2,0,0,89.6,1.0,0,0.06514684,low_risk_log_only
198.0,19,2,0,0,198.0,1.0,0,0.27239794,low_risk_log_only
143.0,2,5,1,0,143.0,1.0,0,0.41972178,low_risk_log_only
20.0,14,4,0,0,20.0,1.0,0,0.005018854,low_risk_log_only
308.0,23,0,1,0,308.0,1.0,0,0.1968032,low_risk_log_only
99.0,4,5,1,1,143.0,0.6923076923076923,0,0.08518763,low_risk_log_only
207.0,16,5,0,0,207.0,1.0,0,0.7797718,high_risk_auto_flag
88.0,18,3,0,0,88.0,1.0,0,0.073163785,low_risk_log_only
154.0,13,0,0,0,154.0,1.0,0,0.016112441,low_risk_log_only
172.5,16,5,0,0,172.5,1.0,0,0.6663831,medium_risk_human_review
89.6,11,2,0,0,89.6,1.0,0,0.038714807,low_risk_log_only
352.0,0,4,1,0,352.0,1.0,0,0.1548306,low_risk_log_only
15.0,0,2,1,0,15.0,1.0,0,0.07648993,low_risk_log_only
99.0,0,3,1,0,99.0,1.0,0,0.18070441,low_risk_log_only
121.0,22,4,0,0,121.0,1.0,0,0.2360067,low_risk_log_only
20.0,11,3,0,0,20.0,1.0,0,0.009811763,low_risk_log_only
143.0,13,4,0,0,143.0,1.0,0,0.09905756,low_risk_log_only
78.4,19,2,0,1,143.0,0.5482517482517483,0,0.22146061,low_risk_log_only
126.5,14,1,0,0,126.5,1.0,0,0.12104916,low_risk_log_only
154.0,21,5,0,0,154.0,1.0,0,0.11038948,low_risk_log_only
132.0,9,4,0,0,132.0,1.0,0,0.13800326,low_risk_log_only
48.0,21,0,0,0,48.0,1.0,0,0.15887742,low_risk_log_only
117.6,6,5,0,0,117.6,1.0,0,0.5018044,medium_risk_human_review
30.0,10,5,0,0,30.0,1.0,0,0.005207416,low_risk_log_only
15.0,14,5,0,0,15.0,1.0,0,0.0003146653,low_risk_log_only
201.6,14,3,0,0,201.6,1.0,0,0.42222697,low_risk_log_only
34.5,13,4,0,0,34.5,1.0,0,0.08549487,low_risk_log_only
75.6,17,0,0,0,75.6,1.0,0,0.23087615,low_risk_log_only
184.0,23,5,1,0,184.0,1.0,0,0.4723679,medium_risk_human_review
286.0,15,6,0,0,286.0,1.0,0,0.079000965,low_risk_log_only
143.0,10,2,0,0,143.0,1.0,0,0.01777283,low_risk_log_only
88.0,7,4,0,0,88.0,1.0,0,0.015852857,low_risk_log_only
88.0,14,4,0,0,88.0,1.0,0,0.055127125,low_risk_log_only
231.0,10,3,0,0,231.0,1.0,0,0.066588685,low_risk_log_only
99.0,18,4,0,1,77.0,1.2857142857142858,0,0.37130147,low_risk_log_only
77.0,0,1,1,1,209.0,0.3684210526315789,0,0.14598382,low_risk_log_only
132.0,20,1,0,0,132.0,1.0,0,0.20345087,low_risk_log_only
34.5,17,0,0,1,224.0,0.15401785714285715,0,0.30194446,low_risk_log_only
77.0,18,0,0,0,77.0,1.0,0,0.3837607,low_risk_log_only
440.0,0,1,1,0,440.0,1.0,0,0.48555312,medium_risk_human_review
165.0,20,4,0,0,165.0,1.0,0,0.47604826,medium_risk_human_review
115.0,12,3,0,0,115.0,1.0,0,0.28843567,low_risk_log_only
40.0,13,1,0,0,40.0,1.0,0,0.06800025,low_risk_log_only
121.0,1,5,1,0,121.0,1.0,0,0.43595704,low_risk_log_only
44.0,10,2,0,0,44.0,1.0,0,0.056635216,low_risk_log_only
190.4,20,5,0,1,190.4,1.0,0,0.7845299,high_risk_auto_flag
69.0,20,4,0,0,69.0,1.0,0,0.19271307,low_risk_log_only
49.5,16,6,0,0,49.5,1.0,0,0.0124838725,low_risk_log_only
37.77,23,0,1,0,37.77,1.0,0,0.10175322,low_risk_log_only
34.5,17,5,0,0,34.5,1.0,0,0.036520753,low_risk_log_only
132.25,21,0,0,0,132.25,1.0,0,0.20091134,low_risk_log_only
161.0,13,6,0,0,161.0,1.0,0,0.011486558,low_risk_log_only
15.0,13,4,0,0,15.0,1.0,0,0.0015053486,low_risk_log_only
268.8,9,0,0,0,268.8,1.0,0,0.08530907,low_risk_log_only
33.0,16,5,0,0,33.0,1.0,0,0.026557835,low_risk_log_only
73.34,15,6,0,0,73.34,1.0,0,0.013116566,low_risk_log_only
209.0,16,1,0,0,209.0,1.0,0,0.45897657,medium_risk_human_review
144.0,17,3,0,0,144.0,1.0,0,0.110633455,low_risk_log_only
77.0,12,5,0,0,77.0,1.0,0,0.09898201,low_risk_log_only
207.0,17,5,0,0,207.0,1.0,1,0.7797718,high_risk_auto_flag
247.5,0,1,1,0,247.5,1.0,0,0.33441272,low_risk_log_only
123.2,21,3,0,2,113.05,1.0897832817337463,0,0.91211134,high_risk_auto_flag
40.7,14,2,0,0,40.7,1.0,0,0.0821347,low_risk_log_only
143.0,21,0,0,1,286.0,0.5,0,0.20699675,low_risk_log_only
133.21,13,2,0,0,133.21,1.0,0,0.06928559,low_risk_log_only
308.0,14,3,0,0,308.0,1.0,0,0.12948692,low_risk_log_only
201.6,12,1,0,0,201.6,1.0,0,0.35289538,low_risk_log_only
302.4,23,1,1,0,302.4,1.0,0,0.5552112,medium_risk_human_review
53.0,9,0,0,0,53.0,1.0,0,0.08671566,low_risk_log_only
517.5,16,5,0,4,560.625,0.9230769230769231,1,0.985966,high_risk_auto_flag
22.65,1,1,1,2,19.945,1.1356229631486587,1,0.61859614,medium_risk_human_review
132.25,18,0,0,0,132.25,1.0,0,0.20091134,low_risk_log_only
33.0,20,4,0,0,33.0,1.0,0,0.102086134,low_risk_log_only
78.4,12,0,0,0,78.4,1.0,0,0.060899083,low_risk_log_only
121.0,18,4,0,0,121.0,1.0,0,0.2360067,low_risk_log_only
143.0,11,4,0,0,143.0,1.0,0,0.11394527,low_risk_log_only
46.0,23,1,1,0,46.0,1.0,0,0.119829506,low_risk_log_only
132.0,9,2,0,0,132.0,1.0,0,0.0579649,low_risk_log_only
154.0,0,4,1,0,154.0,1.0,0,0.45798394,medium_risk_human_review
154.0,20,1,0,0,154.0,1.0,0,0.04755904,low_risk_log_only
154.0,19,3,0,0,154.0,1.0,0,0.0710791,low_risk_log_only
88.0,23,2,1,0,88.0,1.0,0,0.08668413,low_risk_log_only
100.8,16,3,0,0,100.8,1.0,0,0.23059386,low_risk_log_only
110.0,14,3,0,0,110.0,1.0,0,0.25533983,low_risk_log_only
143.0,19,2,0,0,143.0,1.0,0,0.07050013,low_risk_log_only
23.0,13,4,0,0,23.0,1.0,0,0.004098674,low_risk_log_only
34.5,1,4,1,0,34.5,1.0,1,0.18742256,low_risk_log_only
132.0,20,3,0,0,132.0,1.0,0,0.2244021,low_risk_log_only
92.0,0,3,1,0,92.0,1.0,0,0.18642756,low_risk_log_only
84.0,17,3,0,0,84.0,1.0,0,0.08485553,low_risk_log_only
78.4,18,0,0,1,257.6,0.30434782608695654,0,0.3624832,low_risk_log_only
77.0,13,1,0,0,77.0,1.0,0,0.14102666,low_risk_log_only
58.36,12,4,0,0,58.36,1.0,0,0.464683,medium_risk_human_review
20.0,12,6,0,0,20.0,1.0,0,0.00025507621,low_risk_log_only
250.0,14,4,0,0,250.0,1.0,0,0.23368908,low_risk_log_only
77.0,13,1,0,0,77.0,1.0,0,0.14102666,low_risk_log_only
78.4,17,2,0,0,78.4,1.0,0,0.1816536,low_risk_log_only
80.5,12,5,0,0,80.5,1.0,0,0.05970075,low_risk_log_only
115.0,19,1,0,0,115.0,1.0,0,0.31203067,low_risk_log_only
99.0,18,4,0,3,110.0,0.9,1,0.7713091,high_risk_auto_flag
30.45,20,4,0,1,30.45,1.0,0,0.52132237,medium_risk_human_review
89.6,18,4,0,0,89.6,1.0,0,0.073163785,low_risk_log_only
27.5,17,6,0,0,27.5,1.0,0,0.00885296,low_risk_log_only
70.0,12,5,0,0,70.0,1.0,0,0.05504492,low_risk_log_only
10.0,11,1,0,0,10.0,1.0,0,0.006145226,low_risk_log_only
69.0,13,4,0,0,69.0,1.0,0,0.10208635,low_risk_log_only
30.0,11,1,0,0,30.0,1.0,0,0.17840853,low_risk_log_only
23.0,14,2,0,1,46.0,0.5,0,0.20299195,low_risk_log_only
20.0,11,6,0,0,20.0,1.0,0,0.0003933592,low_risk_log_only
104.5,16,4,0,3,49.13333333333333,2.126865671641791,0,0.89150375,high_risk_auto_flag
154.0,6,2,0,0,154.0,1.0,0,0.038387865,low_risk_log_only
105.0,20,4,0,0,105.0,1.0,0,0.18499698,low_risk_log_only
117.6,11,4,0,3,112.0,1.05,1,0.9827245,high_risk_auto_flag
77.0,17,0,0,0,77.0,1.0,0,0.4777351,medium_risk_human_review
20.0,13,3,0,0,20.0,1.0,0,0.0047525354,low_risk_log_only
59.4,9,2,0,0,59.4,1.0,0,0.12944752,low_risk_log_only
154.0,20,2,0,1,88.0,1.75,0,0.39667922,low_risk_log_only
165.0,13,1,0,1,159.5,1.0344827586206897,0,0.23461361,low_risk_log_only
360.0,21,3,0,0,360.0,1.0,0,0.34224764,low_risk_log_only
156.8,9,1,0,0,156.8,1.0,0,0.015885953,low_risk_log_only
10.0,21,0,0,0,10.0,1.0,0,0.003011404,low_risk_log_only
224.0,11,1,0,0,224.0,1.0,0,0.064276546,low_risk_log_only
69.0,19,5,0,5,34.5,2.0,0,0.59534043,medium_risk_human_review
99.0,20,4,0,0,99.0,1.0,0,0.1876636,low_risk_log_only
34.5,17,0,0,0,34.5,1.0,0,0.5532182,medium_risk_human_review
245.0,22,4,0,0,245.0,1.0,0,0.10866212,low_risk_log_only
224.0,11,1,0,0,224.0,1.0,0,0.064276546,low_risk_log_only
99.0,19,0,0,0,99.0,1.0,0,0.20478886,low_risk_log_only
172.5,11,5,0,0,172.5,1.0,0,0.45339304,medium_risk_human_review
99.0,19,5,0,0,99.0,1.0,0,0.2585987,low_risk_log_only
112.0,11,3,0,0,112.0,1.0,0,0.42901185,low_risk_log_only
154.0,18,4,0,0,154.0,1.0,0,0.106324375,low_risk_log_only
35.0,16,5,0,1,70.0,0.5,0,0.05574918,low_risk_log_only
112.0,21,1,0,0,112.0,1.0,0,0.31610364,low_risk_log_only
16.5,19,3,0,0,16.5,1.0,0,0.001002192,low_risk_log_only
33.0,22,3,0,0,33.0,1.0,0,0.124534644,low_risk_log_only
630.0,10,0,0,0,630.0,1.0,0,0.03783727,low_risk_log_only
110.0,11,1,0,0,110.0,1.0,0,0.19100046,low_risk_log_only
144.0,20,2,0,0,144.0,1.0,0,0.07050013,low_risk_log_only
110.0,14,2,0,0,110.0,1.0,0,0.13989453,low_risk_log_only
166.0,11,2,0,0,166.0,1.0,0,0.107919045,low_risk_log_only
70.0,11,5,0,0,70.0,1.0,0,0.086738504,low_risk_log_only
55.82,22,2,0,0,55.82,1.0,0,0.35449997,low_risk_log_only
91.35,22,1,0,2,30.45,3.0,1,0.36313674,low_risk_log_only
30.0,22,2,0,0,30.0,1.0,0,0.37115806,low_risk_log_only
99.0,19,3,0,0,99.0,1.0,0,0.2261557,low_risk_log_only
49.5,18,5,0,0,49.5,1.0,0,0.034747306,low_risk_log_only
95.2,15,5,0,0,95.2,1.0,0,0.65888697,medium_risk_human_review
110.0,23,1,1,0,110.0,1.0,0,0.1652505,low_risk_log_only
336.0,17,6,0,0,336.0,1.0,0,0.035986938,low_risk_log_only
148.5,21,6,0,0,148.5,1.0,0,0.013638394,low_risk_log_only
154.0,17,0,0,0,154.0,1.0,0,0.050667312,low_risk_log_only
15.0,7,3,0,0,15.0,1.0,0,0.00094323006,low_risk_log_only
110.0,15,4,0,0,110.0,1.0,0,0.35509464,low_risk_log_only
77.0,15,2,0,0,77.0,1.0,0,0.26029074,low_risk_log_only
231.0,17,0,0,0,231.0,1.0,0,0.059325542,low_risk_log_only
154.0,6,2,0,0,154.0,1.0,0,0.038387865,low_risk_log_only
34.5,14,1,0,0,34.5,1.0,0,0.2219378,low_risk_log_only
362.25,13,3,0,0,362.25,1.0,0,0.2378111,low_risk_log_only
220.0,17,4,0,0,220.0,1.0,0,0.36363643,low_risk_log_only
102.6,18,6,0,0,102.6,1.0,0,0.022834778,low_risk_log_only
172.5,15,4,0,0,172.5,1.0,0,0.47834653,medium_risk_human_review
10.0,22,3,0,0,10.0,1.0,0,0.0014169923,low_risk_log_only
10.0,11,1,0,0,10.0,1.0,0,0.006145226,low_risk_log_only
20.0,20,5,0,0,20.0,1.0,0,0.00046506897,low_risk_log_only
121.0,19,3,0,0,121.0,1.0,0,0.2360067,low_risk_log_only
145.6,16,4,0,0,145.6,1.0,0,0.14156519,low_risk_log_only
10.0,23,5,1,0,10.0,1.0,0,0.0001657471,low_risk_log_only
16.5,17,4,0,0,16.5,1.0,0,0.0025988987,low_risk_log_only
55.0,19,4,0,0,55.0,1.0,0,0.3931166,low_risk_log_only
201.6,20,4,0,0,201.6,1.0,0,0.3860656,low_risk_log_only
143.0,11,3,0,0,143.0,1.0,0,0.08842682,low_risk_log_only
154.0,13,2,0,0,154.0,1.0,0,0.016112441,low_risk_log_only
110.0,19,1,0,0,110.0,1.0,0,0.29055926,low_risk_log_only
198.0,23,4,1,0,198.0,1.0,0,0.412899,low_risk_log_only
88.0,15,4,0,0,88.0,1.0,0,0.08566169,low_risk_log_only
275.0,17,0,0,0,275.0,1.0,0,0.12000201,low_risk_log_only
172.5,15,3,0,0,172.5,1.0,0,0.47834653,medium_risk_human_review
207.0,16,2,0,0,207.0,1.0,0,0.5831299,medium_risk_human_review
154.0,11,3,0,0,154.0,1.0,0,0.11492894,low_risk_log_only
112.0,20,1,0,0,112.0,1.0,0,0.31610364,low_risk_log_only
110.0,13,5,0,2,122.2,0.9001636661211129,0,0.63765115,medium_risk_human_review
15.68,13,3,0,1,30.53,0.5135931870291516,0,0.11038412,low_risk_log_only
57.5,23,1,1,0,57.5,1.0,0,0.10060695,low_risk_log_only
172.5,15,4,0,0,172.5,1.0,0,0.47834653,medium_risk_human_review
80.5,15,5,0,1,80.5,1.0,0,0.3254081,low_risk_log_only
220.0,16,0,0,4,68.75,3.2,1,0.9588607,high_risk_auto_flag
115.0,13,4,0,0,115.0,1.0,0,0.21944234,low_risk_log_only
138.0,12,1,0,0,138.0,1.0,0,0.051303077,low_risk_log_only
110.0,18,4,0,0,110.0,1.0,0,0.31691194,low_risk_log_only
99.0,20,4,0,1,99.0,1.0,0,0.49400988,medium_risk_human_review
20.0,14,4,0,0,20.0,1.0,0,0.005018854,low_risk_log_only
31.59,9,3,0,0,31.59,1.0,0,0.033655208,low_risk_log_only
57.5,15,3,0,2,57.5,1.0,1,0.973867,high_risk_auto_flag
103.5,17,2,0,0,103.5,1.0,0,0.21129102,low_risk_log_only
146.66,17,1,0,0,146.66,1.0,0,0.07984633,low_risk_log_only
168.0,15,2,0,0,168.0,1.0,0,0.31393504,low_risk_log_only
60.89,20,4,0,0,60.89,1.0,0,0.45981827,medium_risk_human_review
20.0,20,4,0,0,20.0,1.0,0,0.0033741614,low_risk_log_only
57.5,22,1,0,0,57.5,1.0,0,0.24249975,low_risk_log_only
418.0,18,1,0,1,209.0,2.0,1,0.93108445,high_risk_auto_flag
134.4,13,2,0,0,134.4,1.0,0,0.06451094,low_risk_log_only
10.0,17,3,0,0,10.0,1.0,0,0.0025988987,low_risk_log_only
154.0,18,2,0,0,154.0,1.0,0,0.04755904,low_risk_log_only
115.0,22,3,0,0,115.0,1.0,0,0.33939907,low_risk_log_only
123.3,10,4,0,0,123.3,1.0,0,0.24889007,low_risk_log_only
168.0,19,0,0,0,168.0,1.0,0,0.16402745,low_risk_log_only
33.0,22,1,0,0,33.0,1.0,0,0.4163062,low_risk_log_only
112.0,21,0,0,0,112.0,1.0,0,0.31271002,low_risk_log_only
1260.0,15,0,0,0,1260.0,1.0,0,0.011446211,low_risk_log_only
104.5,12,0,0,0,104.5,1.0,0,0.0775818,low_risk_log_only
55.82,17,5,0,0,55.82,1.0,0,0.08385347,low_risk_log_only
230.0,17,5,0,0,230.0,1.0,0,0.22325076,low_risk_log_only
88.0,9,4,0,1,78.4,1.1224489795918366,0,0.15675779,low_risk_log_only
27.63,11,0,0,0,27.63,1.0,0,0.16191153,low_risk_log_only
50.75,11,4,0,0,50.75,1.0,0,0.43135804,low_risk_log_only
10.0,11,6,0,0,10.0,1.0,0,0.00017296462,low_risk_log_only
92.0,12,2,0,0,92.0,1.0,0,0.027515799,low_risk_log_only
73.34,22,5,0,1,73.34,1.0,0,0.20351996,low_risk_log_only
112.0,10,0,0,0,112.0,1.0,0,0.14637922,low_risk_log_only
104.5,23,5,1,0,104.5,1.0,0,0.114220634,low_risk_log_only
176.0,14,2,0,0,176.0,1.0,0,0.123829156,low_risk_log_only
45.2,23,5,1,0,45.2,1.0,0,0.01418235,low_risk_log_only
70.0,14,5,0,0,70.0,1.0,0,0.04307854,low_risk_log_only
34.5,11,3,0,0,34.5,1.0,0,0.17728078,low_risk_log_only
82.9,10,0,0,0,82.9,1.0,0,0.02219343,low_risk_log_only
46.0,14,3,0,1,46.0,1.0,1,0.85336834,high_risk_auto_flag
154.0,21,1,0,0,154.0,1.0,0,0.04755904,low_risk_log_only
112.0,19,3,0,0,112.0,1.0,0,0.34365085,low_risk_log_only
69.0,0,2,1,0,69.0,1.0,0,0.21987543,low_risk_log_only
286.0,23,4,1,0,286.0,1.0,0,0.30790177,low_risk_log_only
156.8,11,0,0,0,156.8,1.0,0,0.021394037,low_risk_log_only
46.0,17,0,0,0,46.0,1.0,0,0.6421367,medium_risk_human_review
34.5,14,0,0,0,34.5,1.0,0,0.23232107,low_risk_log_only
143.0,16,2,0,0,143.0,1.0,0,0.07719701,low_risk_log_only
88.0,18,4,0,0,88.0,1.0,0,0.073163785,low_risk_log_only
95.2,15,5,0,5,95.2,1.0,1,0.99504894,high_risk_auto_flag
46.0,17,4,0,0,46.0,1.0,0,0.60069776,medium_risk_human_review
154.0,12,0,0,0,154.0,1.0,0,0.01646152,low_risk_log_only
15.0,18,2,0,0,15.0,1.0,0,0.0025579531,low_risk_log_only
209.0,13,3,0,0,209.0,1.0,0,0.43124372,low_risk_log_only
77.0,13,3,0,0,77.0,1.0,0,0.18126184,low_risk_log_only
33.0,13,2,0,0,33.0,1.0,0,0.09686728,low_risk_log_only
172.5,12,3,0,1,78.4,2.200255102040816,0,0.40745413,low_risk_log_only
154.0,10,3,0,0,154.0,1.0,0,0.07598661,low_risk_log_only
16.5,22,5,0,0,16.5,1.0,0,0.00025245256,low_risk_log_only
46.0,14,4,0,0,46.0,1.0,0,0.58193165,medium_risk_human_review
121.0,9,3,0,1,143.0,0.8461538461538461,0,0.0988555,low_risk_log_only
134.4,16,2,0,0,134.4,1.0,0,0.21417007,low_risk_log_only
161.0,11,2,0,0,161.0,1.0,0,0.020745588,low_risk_log_only
132.0,13,4,0,0,132.0,1.0,0,0.16546868,low_risk_log_only
112.0,7,0,0,0,112.0,1.0,0,0.07083762,low_risk_log_only
250.0,16,6,0,6,250.0,1.0,1,0.99875355,high_risk_auto_flag
103.5,14,2,0,0,103.5,1.0,0,0.08079007,low_risk_log_only
154.0,22,0,0,0,154.0,1.0,0,0.044434074,low_risk_log_only
115.0,0,2,1,0,115.0,1.0,0,0.4060335,low_risk_log_only
103.5,16,4,0,0,103.5,1.0,0,0.1888245,low_risk_log_only
15.0,23,0,1,0,15.0,1.0,0,0.0033252933,low_risk_log_only
34.5,22,3,0,0,34.5,1.0,0,0.14839052,low_risk_log_only
126.5,17,4,0,0,126.5,1.0,0,0.4081201,low_risk_log_only
27.5,8,1,0,1,27.5,1.0,0,0.17079213,low_risk_log_only
39.07,16,1,0,6,45.39166666666667,0.8607306774371213,1,0.97246224,high_risk_auto_flag
38.5,13,4,0,0,38.5,1.0,0,0.20924741,low_risk_log_only
77.0,11,3,0,0,77.0,1.0,0,0.35378256,low_risk_log_only
15.0,15,5,0,1,15.0,1.0,0,0.0030336515,low_risk_log_only
112.0,22,5,0,0,112.0,1.0,0,0.37456977,low_risk_log_only
184.0,14,6,0,0,184.0,1.0,0,0.036913287,low_risk_log_only
46.0,23,3,1,0,46.0,1.0,0,0.11904184,low_risk_log_only
495.0,19,2,0,0,495.0,1.0,0,0.6112453,medium_risk_human_review
34.5,16,0,0,0,34.5,1.0,0,0.5532182,medium_risk_human_review
77.0,22,3,0,0,77.0,1.0,0,0.25625682,low_risk_log_only
34.5,15,1,0,0,34.5,1.0,0,0.42780834,low_risk_log_only
176.0,20,4,0,0,176.0,1.0,0,0.30439475,low_risk_log_only
104.5,17,3,0,0,104.5,1.0,0,0.22748804,low_risk_log_only
220.0,22,0,0,0,220.0,1.0,0,0.18760782,low_risk_log_only
280.0,17,1,0,0,280.0,1.0,0,0.18585469,low_risk_log_only
143.0,15,2,0,0,143.0,1.0,0,0.060150597,low_risk_log_only
24.0,17,1,0,0,24.0,1.0,0,0.025455441,low_risk_log_only
250.0,16,6,0,2,250.0,1.0,1,0.9816011,high_risk_auto_flag
89.6,23,6,1,0,89.6,1.0,0,0.20809005,low_risk_log_only
89.6,12,0,0,1,89.6,1.0,0,0.20264389,low_risk_log_only
26.5,11,5,0,0,26.5,1.0,0,0.017309444,low_risk_log_only
46.0,15,4,0,0,46.0,1.0,0,0.6280038,medium_risk_human_review
57.5,10,0,0,1,57.5,1.0,0,0.4608073,medium_risk_human_review
46.0,14,4,0,1,154.0,0.2987012987012987,0,0.05071125,low_risk_log_only
44.0,11,2,0,1,22.0,2.0,0,0.18329807,low_risk_log_only
73.34,23,6,1,0,73.34,1.0,0,0.073501445,low_risk_log_only
88.0,12,5,0,1,99.0,0.8888888888888888,0,0.3683866,low_risk_log_only
34.5,13,5,0,0,34.5,1.0,0,0.013856831,low_risk_log_only
138.0,11,4,0,0,138.0,1.0,0,0.18455443,low_risk_log_only
103.5,20,0,0,0,103.5,1.0,0,0.20193936,low_risk_log_only
330.0,13,5,0,0,330.0,1.0,0,0.7494046,high_risk_auto_flag
15.0,23,5,1,0,15.0,1.0,0,0.0001657471,low_risk_log_only
99.0,16,5,0,0,99.0,1.0,0,0.31683746,low_risk_log_only
99.0,21,3,0,1,154.0,0.6428571428571429,0,0.046040174,low_risk_log_only
134.4,23,1,1,1,156.8,0.8571428571428571,0,0.13035998,low_risk_log_only
15.0,10,6,0,0,15.0,1.0,0,8.751151e-05,low_risk_log_only
77.0,11,2,0,0,77.0,1.0,0,0.1483789,low_risk_log_only
110.0,21,1,0,0,110.0,1.0,0,0.29055926,low_risk_log_only
34.5,17,4,0,0,34.5,1.0,0,0.22525673,low_risk_log_only
110.0,12,5,0,5,58.8,1.870748299319728,0,0.9619391,high_risk_auto_flag
20.0,22,5,0,0,20.0,1.0,0,0.00058181654,low_risk_log_only
44.0,13,3,0,0,44.0,1.0,0,0.16769622,low_risk_log_only
36.54,0,4,1,1,36.54,1.0,0,0.8272386,high_risk_auto_flag
1344.0,23,2,1,0,1344.0,1.0,0,0.8989652,high_risk_auto_flag
46.0,18,4,0,0,46.0,1.0,0,0.23610643,low_risk_log_only
10.0,9,3,0,0,10.0,1.0,0,0.0015349056,low_risk_log_only
88.0,22,3,0,0,88.0,1.0,0,0.073163785,low_risk_log_only
110.0,16,3,0,0,110.0,1.0,0,0.35273108,low_risk_log_only
143.0,15,5,0,0,143.0,1.0,0,0.21253064,low_risk_log_only
210.0,21,0,0,0,210.0,1.0,0,0.29773223,low_risk_log_only
483.0,10,3,0,1,483.0,1.0,1,0.8242927,high_risk_auto_flag
34.5,12,4,0,0,34.5,1.0,0,0.11172612,low_risk_log_only
33.0,22,5,0,1,33.0,1.0,0,0.10794376,low_risk_log_only
451.0,22,3,0,0,451.0,1.0,0,0.74797285,high_risk_auto_flag
58.36,10,2,0,0,58.36,1.0,0,0.12944752,low_risk_log_only
77.0,14,5,0,0,77.0,1.0,0,0.07825501,low_risk_log_only
26.5,18,5,0,2,53.0,0.5,0,0.031531252,low_risk_log_only
140.0,17,5,0,0,140.0,1.0,0,0.25242555,low_risk_log_only
104.5,22,6,0,0,104.5,1.0,0,0.022834778,low_risk_log_only
77.0,20,3,0,0,77.0,1.0,0,0.29147428,low_risk_log_only
80.5,11,0,0,0,80.5,1.0,0,0.04655864,low_risk_log_only
88.0,12,3,0,1,89.6,0.9821428571428572,0,0.14608845,low_risk_log_only
46.0,10,6,0,0,46.0,1.0,0,0.009972091,low_risk_log_only
16.5,20,5,0,0,16.5,1.0,0,0.00020178207,low_risk_log_only
78.4,16,3,0,0,78.4,1.0,0,0.19614378,low_risk_log_only
57.5,13,2,0,1,64.19,0.895778158591681,0,0.6184795,medium_risk_human_review
134.4,22,0,0,0,134.4,1.0,0,0.1823506,low_risk_log_only
13.81,17,1,0,0,13.81,1.0,0,0.0085416,low_risk_log_only
275.0,18,5,0,0,275.0,1.0,0,0.30931363,low_risk_log_only
88.0,21,3,0,0,88.0,1.0,0,0.073163785,low_risk_log_only
101.49,13,3,0,0,101.49,1.0,0,0.13259272,low_risk_log_only
38.5,7,4,0,0,38.5,1.0,0,0.09834213,low_risk_log_only
132.0,23,4,1,0,132.0,1.0,0,0.38989264,low_risk_log_only
62.1,21,0,0,0,62.1,1.0,0,0.24212655,low_risk_log_only
99.0,12,1,0,0,99.0,1.0,0,0.07222496,low_risk_log_only
201.25,22,0,0,0,201.25,1.0,0,0.2676016,low_risk_log_only
50.0,20,4,0,0,50.0,1.0,0,0.20448549,low_risk_log_only
121.0,10,3,0,0,121.0,1.0,0,0.20894395,low_risk_log_only
20.0,10,6,0,0,20.0,1.0,0,0.00019904246,low_risk_log_only
33.0,15,2,0,0,33.0,1.0,0,0.2586666,low_risk_log_only
16.5,21,3,0,0,16.5,1.0,0,0.001002192,low_risk_log_only
184.0,20,4,0,0,184.0,1.0,0,0.31052232,low_risk_log_only
154.0,19,1,0,1,154.0,1.0,0,0.1856704,low_risk_log_only
16.5,23,5,1,0,16.5,1.0,0,0.0001657471,low_risk_log_only
83.0,14,3,0,1,176.0,0.4715909090909091,0,0.06739337,low_risk_log_only
115.0,11,3,0,0,115.0,1.0,0,0.39792243,low_risk_log_only
132.0,18,4,0,1,138.0,0.9565217391304348,0,0.1891721,low_risk_log_only
35.53,16,5,0,1,35.53,1.0,0,0.21066192,low_risk_log_only
1908.0,15,3,0,0,1908.0,1.0,0,0.17603232,low_risk_log_only
36.66,12,1,0,0,36.66,1.0,0,0.10324472,low_risk_log_only
156.8,11,3,0,0,156.8,1.0,0,0.120017104,low_risk_log_only
156.8,16,0,0,0,156.8,1.0,0,0.053081065,low_risk_log_only
30.0,23,5,1,0,30.0,1.0,0,0.01344271,low_risk_log_only
100.8,14,0,0,4,111.35,0.9052537045352492,0,0.8584653,high_risk_auto_flag
16.5,13,1,0,0,16.5,1.0,0,0.0040841983,low_risk_log_only
440.0,15,5,0,0,440.0,1.0,0,0.8368695,high_risk_auto_flag
308.0,18,0,0,0,308.0,1.0,0,0.07471307,low_risk_log_only
20.0,14,1,0,0,20.0,1.0,0,0.013378032,low_risk_log_only
268.8,10,1,0,0,268.8,1.0,0,0.06982148,low_risk_log_only
69.0,13,1,0,0,69.0,1.0,0,0.05116942,low_risk_log_only
10.0,15,1,0,0,10.0,1.0,0,0.007065752,low_risk_log_only
154.0,10,3,0,0,154.0,1.0,0,0.07598661,low_risk_log_only
220.0,17,4,0,0,220.0,1.0,0,0.36363643,low_risk_log_only
10.0,11,5,0,0,10.0,1.0,0,0.00065431424,low_risk_log_only
156.8,7,1,0,0,156.8,1.0,0,0.0071255905,low_risk_log_only
184.0,19,6,0,0,184.0,1.0,0,0.042503133,low_risk_log_only
165.0,13,2,0,0,165.0,1.0,0,0.09482398,low_risk_log_only
79.5,14,4,0,0,79.5,1.0,0,0.14841454,low_risk_log_only
23.0,23,2,1,2,34.5,0.6666666666666666,0,0.08697084,low_risk_log_only
150.0,12,4,0,1,165.0,0.9090909090909091,0,0.17376748,low_risk_log_only
46.0,13,5,0,0,46.0,1.0,0,0.14425427,low_risk_log_only
70.0,19,5,0,1,70.0,1.0,0,0.26224104,low_risk_log_only
71.0,12,5,0,0,71.0,1.0,0,0.05504492,low_risk_log_only
15.0,15,2,0,0,15.0,1.0,0,0.0053854515,low_risk_log_only
66.0,11,4,0,0,66.0,1.0,0,0.61912763,medium_risk_human_review
220.0,21,6,0,0,220.0,1.0,0,0.43481106,low_risk_log_only
121.0,2,3,1,0,121.0,1.0,0,0.48164263,medium_risk_human_review
48.72,10,2,0,0,48.72,1.0,0,0.0687408,low_risk_log_only
168.0,1,5,1,0,168.0,1.0,0,0.3962437,low_risk_log_only
17.16,10,1,0,0,17.16,1.0,0,0.0039362824,low_risk_log_only
69.0,19,2,0,0,69.0,1.0,0,0.17405652,low_risk_log_only
308.0,15,1,0,0,308.0,1.0,1,0.12748495,low_risk_log_only
117.6,10,3,0,0,117.6,1.0,0,0.22407715,low_risk_log_only
89.6,13,5,0,0,89.6,1.0,0,0.11899218,low_risk_log_only
31.59,11,1,0,0,31.59,1.0,0,0.17840853,low_risk_log_only
106.4,12,4,0,0,106.4,1.0,0,0.21653149,low_risk_log_only
40.85,21,4,0,0,40.85,1.0,0,0.14708593,low_risk_log_only
34.5,20,2,0,0,34.5,1.0,0,0.23201892,low_risk_log_only
10.0,22,0,0,0,10.0,1.0,0,0.0070068836,low_risk_log_only
138.0,17,2,0,0,138.0,1.0,0,0.20137891,low_risk_log_only
138.0,15,3,0,0,138.0,1.0,0,0.22454183,low_risk_log_only
143.0,22,4,0,0,143.0,1.0,0,0.14146818,low_risk_log_only
69.0,16,0,0,0,69.0,1.0,0,0.23104538,low_risk_log_only
33.0,13,1,0,0,33.0,1.0,0,0.12354495,low_risk_log_only
154.0,21,0,0,0,154.0,1.0,0,0.044434074,low_risk_log_only
117.6,11,4,0,5,114.24000000000001,1.0294117647058822,1,0.9948881,high_risk_auto_flag
201.25,23,0,1,0,201.25,1.0,1,0.5756702,medium_risk_human_review
176.0,17,4,0,0,176.0,1.0,0,0.3189638,low_risk_log_only
35.53,17,5,0,1,35.53,1.0,0,0.23236811,low_risk_log_only
336.0,14,4,0,0,336.0,1.0,0,0.10337792,low_risk_log_only
92.0,23,0,1,0,92.0,1.0,0,0.23650247,low_risk_log_only
55.0,21,6,0,0,55.0,1.0,0,0.017666752,low_risk_log_only
72.0,15,4,0,0,72.0,1.0,0,0.17115776,low_risk_log_only
18.34,0,4,1,0,18.34,1.0,0,0.1734229,low_risk_log_only
154.0,23,2,1,0,154.0,1.0,0,0.09473539,low_risk_log_only
154.0,14,4,0,0,154.0,1.0,0,0.08348849,low_risk_log_only
89.6,19,1,0,0,89.6,1.0,0,0.06514684,low_risk_log_only
92.0,12,6,0,0,92.0,1.0,0,0.011748459,low_risk_log_only
34.5,19,4,0,1,103.5,0.3333333333333333,0,0.1004647,low_risk_log_only
89.6,17,1,0,0,89.6,1.0,0,0.083720304,low_risk_log_only
143.0,12,2,0,0,143.0,1.0,0,0.020333858,low_risk_log_only
66.0,22,6,0,0,66.0,1.0,0,0.016753169,low_risk_log_only
275.0,15,1,0,0,275.0,1.0,0,0.17694797,low_risk_log_only
156.8,19,3,0,0,156.8,1.0,0,0.07438909,low_risk_log_only
209.0,19,0,0,0,209.0,1.0,0,0.29773223,low_risk_log_only
121.0,9,3,0,0,121.0,1.0,0,0.20894395,low_risk_log_only
115.09,14,6,0,0,115.09,1.0,0,0.029143477,low_risk_log_only
88.0,19,6,0,0,88.0,1.0,0,0.011011172,low_risk_log_only
336.0,15,4,0,1,336.0,1.0,0,0.43651354,low_risk_log_only
88.0,14,4,0,0,88.0,1.0,0,0.055127125,low_risk_log_only
154.0,20,2,0,0,154.0,1.0,0,0.04755904,low_risk_log_only
172.75,22,2,0,0,172.75,1.0,0,0.26278833,low_risk_log_only
156.8,12,4,0,0,156.8,1.0,0,0.121591255,low_risk_log_only
78.4,8,3,0,0,78.4,1.0,0,0.0370253,low_risk_log_only
72.0,22,5,0,0,72.0,1.0,0,0.054310948,low_risk_log_only
35.0,19,4,0,0,35.0,1.0,0,0.12224219,low_risk_log_only
58.36,19,2,0,0,58.36,1.0,0,0.42904618,low_risk_log_only
20.0,14,2,0,0,20.0,1.0,0,0.010212052,low_risk_log_only
69.0,19,1,0,0,69.0,1.0,0,0.17405652,low_risk_log_only
99.0,20,4,0,0,99.0,1.0,0,0.1876636,low_risk_log_only
88.0,13,4,0,0,88.0,1.0,0,0.048683934,low_risk_log_only
143.0,0,2,1,0,143.0,1.0,0,0.106408134,low_risk_log_only
34.5,19,0,0,0,34.5,1.0,0,0.27743316,low_risk_log_only
69.0,18,3,0,0,69.0,1.0,0,0.19271307,low_risk_log_only
630.0,10,0,0,0,630.0,1.0,0,0.03783727,low_risk_log_only
10.0,10,0,0,0,10.0,1.0,0,0.003697607,low_risk_log_only
264.0,1,5,1,0,264.0,1.0,0,0.35971332,low_risk_log_only
308.0,17,4,0,0,308.0,1.0,0,0.1608885,low_risk_log_only
78.4,16,2,0,0,78.4,1.0,0,0.1816536,low_risk_log_only
143.0,20,2,0,0,143.0,1.0,0,0.07050013,low_risk_log_only
18.34,18,3,0,1,18.34,1.0,0,0.14826931,low_risk_log_only
23.0,1,2,1,1,23.0,1.0,0,0.34824568,low_risk_log_only
190.4,21,6,0,1,156.8,1.2142857142857142,0,0.62095016,medium_risk_human_review
291.2,16,4,0,0,291.2,1.0,0,0.4232457,low_risk_log_only
33.0,0,5,1,0,33.0,1.0,0,0.059956815,low_risk_log_only
1460.0,14,0,0,0,1460.0,1.0,0,0.0052554,low_risk_log_only
95.2,15,5,0,3,95.2,1.0,1,0.98507893,high_risk_auto_flag
92.0,8,4,0,0,92.0,1.0,0,0.017487004,low_risk_log_only
80.5,16,4,0,0,80.5,1.0,0,0.1019513,low_risk_log_only
88.0,7,2,0,0,88.0,1.0,0,0.006623536,low_risk_log_only
27.5,12,1,0,0,27.5,1.0,0,0.11566906,low_risk_log_only
60.0,21,1,0,1,216.0,0.2777777777777778,0,0.24804288,low_risk_log_only
10.0,15,3,0,0,10.0,1.0,0,0.0015068853,low_risk_log_only
46.0,13,2,0,0,46.0,1.0,0,0.2979507,low_risk_log_only
16.5,20,2,0,0,16.5,1.0,0,0.0025579531,low_risk_log_only
46.0,14,0,0,0,46.0,1.0,0,0.358493,low_risk_log_only
77.0,13,2,0,0,77.0,1.0,0,0.09503458,low_risk_log_only
134.4,11,0,0,0,134.4,1.0,0,0.07077607,low_risk_log_only
132.25,11,1,0,0,132.25,1.0,0,0.08220586,low_risk_log_only
224.0,13,0,0,0,224.0,1.0,0,0.03041391,low_risk_log_only
17.24,13,1,0,5,17.24,1.0,1,0.99201435,high_risk_auto_flag
100.8,9,1,0,0,100.8,1.0,0,0.050267413,low_risk_log_only
156.8,14,5,0,0,156.8,1.0,0,0.12576123,low_risk_log_only
20.0,21,0,0,0,20.0,1.0,0,0.009370091,low_risk_log_only
34.5,19,1,0,0,34.5,1.0,0,0.25929207,low_risk_log_only
143.0,20,4,0,0,143.0,1.0,0,0.14146818,low_risk_log_only
179.2,12,1,0,0,179.2,1.0,0,0.09170597,low_risk_log_only
46.69,13,1,0,0,46.69,1.0,0,0.10833919,low_risk_log_only
138.0,11,2,0,0,138.0,1.0,0,0.06730114,low_risk_log_only
220.0,19,5,0,0,220.0,1.0,0,0.47563672,medium_risk_human_review
46.0,19,2,0,1,138.0,0.3333333333333333,0,0.15936844,low_risk_log_only
44.8,10,4,0,1,44.8,1.0,0,0.49103567,medium_risk_human_review
143.0,15,1,0,0,143.0,1.0,0,0.060150597,low_risk_log_only
154.0,12,0,0,0,154.0,1.0,0,0.01646152,low_risk_log_only
38.5,17,1,0,2,44.0,0.875,0,0.5831486,medium_risk_human_review
190.4,12,3,0,0,190.4,1.0,0,0.36167714,low_risk_log_only
94.03,18,3,0,0,94.03,1.0,0,0.08486615,low_risk_log_only
330.0,17,6,0,0,330.0,1.0,0,0.2411427,low_risk_log_only
78.4,15,0,0,0,78.4,1.0,0,0.17556168,low_risk_log_only
258.5,20,0,0,0,258.5,1.0,0,0.17441072,low_risk_log_only
224.0,10,2,0,0,224.0,1.0,0,0.036593582,low_risk_log_only
135.6,22,3,0,0,135.6,1.0,0,0.19710948,low_risk_log_only
154.0,18,4,0,0,154.0,1.0,0,0.106324375,low_risk_log_only
134.4,16,0,0,11,109.45454545454545,1.2279069767441861,1,0.9987614,high_risk_auto_flag
88.0,16,1,0,0,88.0,1.0,0,0.083720304,low_risk_log_only
92.0,20,4,0,0,92.0,1.0,0,0.08486615,low_risk_log_only
92.0,23,3,1,0,92.0,1.0,0,0.26009586,low_risk_log_only
23.0,13,0,0,0,23.0,1.0,0,0.010760629,low_risk_log_only
77.0,11,1,0,0,77.0,1.0,0,0.21407981,low_risk_log_only
134.4,15,0,0,0,134.4,1.0,0,0.17687516,low_risk_log_only
69.0,19,5,0,0,69.0,1.0,0,0.07712145,low_risk_log_only
320.0,22,3,0,1,80.0,4.0,1,0.6426462,medium_risk_human_review
77.0,19,0,0,3,73.87,1.0423717341275212,1,0.9010004,high_risk_auto_flag
112.0,15,0,0,0,112.0,1.0,0,0.28360656,low_risk_log_only
75.6,14,5,0,0,75.6,1.0,0,0.047028188,low_risk_log_only
138.0,10,2,0,0,138.0,1.0,0,0.047229078,low_risk_log_only
156.8,19,0,0,1,78.4,2.0,0,0.52791923,medium_risk_human_review
121.0,17,2,0,0,121.0,1.0,0,0.25048196,low_risk_log_only
10.0,21,2,0,1,245.0,0.04081632653061224,0,0.023924218,low_risk_log_only
99.0,14,5,0,2,99.0,1.0,0,0.8230022,high_risk_auto_flag
15.0,20,1,0,0,15.0,1.0,0,0.0029626878,low_risk_log_only
154.0,16,4,0,1,154.0,1.0,0,0.34464538,low_risk_log_only
54.0,18,2,0,0,54.0,1.0,0,0.15804069,low_risk_log_only
36.66,20,2,0,0,36.66,1.0,0,0.16101083,low_risk_log_only
154.0,22,0,0,0,154.0,1.0,0,0.044434074,low_risk_log_only
34.5,23,3,1,0,34.5,1.0,0,0.05739143,low_risk_log_only
115.0,22,1,0,0,115.0,1.0,0,0.31203067,low_risk_log_only
56.0,12,2,0,0,56.0,1.0,0,0.13685615,low_risk_log_only
99.0,18,2,0,1,154.0,0.6428571428571429,0,0.10045194,low_risk_log_only
2920.0,16,0,0,0,2920.0,1.0,0,0.010879931,low_risk_log_only
154.0,16,4,0,0,154.0,1.0,0,0.09793571,low_risk_log_only
132.25,16,1,0,0,132.25,1.0,0,0.25319645,low_risk_log_only
515.2,19,0,0,0,515.2,1.0,0,0.12695785,low_risk_log_only
30.0,19,4,0,0,30.0,1.0,0,0.14040236,low_risk_log_only
88.0,13,3,0,0,88.0,1.0,0,0.048683934,low_risk_log_only
69.0,12,0,0,0,69.0,1.0,0,0.056922223,low_risk_log_only
264.0,16,4,0,0,264.0,1.0,0,0.2745143,low_risk_log_only
440.0,22,4,0,0,440.0,1.0,0,0.72230154,high_risk_auto_flag
46.0,17,4,0,0,46.0,1.0,0,0.60069776,medium_risk_human_review
78.4,21,0,0,0,78.4,1.0,0,0.1577579,low_risk_log_only
69.0,20,1,0,0,69.0,1.0,0,0.17405652,low_risk_log_only
80.5,9,4,0,0,80.5,1.0,0,0.04179644,low_risk_log_only
46.0,14,3,0,0,46.0,1.0,0,0.58193165,medium_risk_human_review
104.5,12,4,0,0,104.5,1.0,0,0.16272669,low_risk_log_only
114.94,23,0,1,1,49.5,2.322020202020202,0,0.45871282,medium_risk_human_review
99.0,19,3,0,0,99.0,1.0,0,0.2261557,low_risk_log_only
179.2,23,0,1,0,179.2,1.0,0,0.4227476,low_risk_log_only
630.0,11,0,0,0,630.0,1.0,0,0.06737359,low_risk_log_only
10.0,19,1,0,0,10.0,1.0,0,0.0029626878,low_risk_log_only
165.0,22,3,0,1,451.0,0.36585365853658536,0,0.2414285,low_risk_log_only
154.0,1,2,1,0,154.0,1.0,0,0.10393049,low_risk_log_only
46.0,18,4,0,1,46.0,1.0,0,0.49828902,medium_risk_human_review
89.6,12,0,0,0,89.6,1.0,0,0.027993167,low_risk_log_only
132.0,23,4,1,1,264.0,0.5,0,0.1278735,low_risk_log_only
224.0,17,5,0,0,224.0,1.0,0,0.22325076,low_risk_log_only
34.5,12,0,0,0,34.5,1.0,0,0.19279334,low_risk_log_only
78.4,12,3,0,0,78.4,1.0,0,0.15630352,low_risk_log_only
172.5,21,3,0,0,172.5,1.0,0,0.45864803,medium_risk_human_review
336.0,11,4,0,1,336.0,1.0,0,0.40967906,low_risk_log_only
121.0,23,3,1,0,121.0,1.0,0,0.3664906,low_risk_log_only
154.0,10,4,0,0,154.0,1.0,0,0.098302215,low_risk_log_only
630.0,11,0,0,0,630.0,1.0,0,0.06737359,low_risk_log_only
35.0,10,4,0,1,70.0,0.5,0,0.07067661,low_risk_log_only
134.4,22,6,0,0,134.4,1.0,0,0.02373219,low_risk_log_only
99.0,7,4,0,0,99.0,1.0,0,0.040650226,low_risk_log_only
57.5,16,2,0,2,115.0,0.5,0,0.5134598,medium_risk_human_review
154.0,14,4,0,0,154.0,1.0,0,0.08348849,low_risk_log_only
140.0,13,5,0,0,140.0,1.0,0,0.14794092,low_risk_log_only
201.6,1,5,1,3,155.20000000000002,1.2989690721649483,0,0.9537086,high_risk_auto_flag
33.0,12,4,0,0,33.0,1.0,0,0.06734671,low_risk_log_only
89.6,0,4,1,0,89.6,1.0,0,0.15043606,low_risk_log_only
168.0,0,1,1,0,168.0,1.0,0,0.280652,low_risk_log_only
77.0,20,4,0,0,77.0,1.0,0,0.29147428,low_risk_log_only
23.0,7,1,0,0,23.0,1.0,0,0.005311618,low_risk_log_only
46.0,15,4,0,1,46.0,1.0,1,0.8759063,high_risk_auto_flag
308.0,19,3,0,0,308.0,1.0,0,0.15192899,low_risk_log_only
34.5,17,4,0,0,34.5,1.0,0,0.22525673,low_risk_log_only
78.4,20,0,0,1,44.8,1.7500000000000002,0,0.2079279,low_risk_log_only
34.5,9,0,0,0,34.5,1.0,0,0.14292805,low_risk_log_only
57.5,18,3,0,1,57.5,1.0,0,0.83750093,high_risk_auto_flag
112.0,14,1,0,0,112.0,1.0,0,0.12181772,low_risk_log_only
78.4,8,1,0,0,78.4,1.0,0,0.015665868,low_risk_log_only
99.0,21,3,0,0,99.0,1.0,0,0.2261557,low_risk_log_only
143.0,23,2,1,0,143.0,1.0,0,0.117815845,low_risk_log_only
275.0,20,3,0,0,275.0,1.0,0,0.20860845,low_risk_log_only
209.0,11,3,0,0,209.0,1.0,0,0.51490504,medium_risk_human_review
92.0,0,5,1,0,92.0,1.0,0,0.32872316,low_risk_log_only
20.0,10,1,0,0,20.0,1.0,0,0.012218602,low_risk_log_only
112.0,21,3,0,0,112.0,1.0,0,0.34365085,low_risk_log_only
154.0,17,0,0,0,154.0,1.0,0,0.050667312,low_risk_log_only
80.5,18,0,0,0,80.5,1.0,0,0.07848201,low_risk_log_only
176.0,23,4,1,0,176.0,1.0,0,0.46329692,medium_risk_human_review
112.0,15,0,0,0,112.0,1.0,0,0.28360656,low_risk_log_only
104.13,16,3,0,0,104.13,1.0,0,0.22748804,low_risk_log_only
55.0,22,1,0,0,55.0,1.0,0,0.44950897,low_risk_log_only
70.0,22,3,0,0,70.0,1.0,0,0.15413009,low_risk_log_only
10.0,23,1,1,0,10.0,1.0,0,0.003271516,low_risk_log_only
830.0,11,0,0,0,830.0,1.0,0,0.028355582,low_risk_log_only
10.0,17,1,0,0,10.0,1.0,0,0.0085416,low_risk_log_only
99.0,23,4,1,0,99.0,1.0,0,0.10044735,low_risk_log_only
99.0,19,4,0,0,99.0,1.0,0,0.1876636,low_risk_log_only
99.0,22,2,0,0,99.0,1.0,0,0.20508407,low_risk_log_only
92.0,22,3,0,1,92.0,1.0,0,0.28382745,low_risk_log_only
89.6,11,0,0,0,89.6,1.0,0,0.04146832,low_risk_log_only
77.0,10,0,0,0,77.0,1.0,0,0.11371088,low_risk_log_only
154.0,15,2,0,0,154.0,1.0,0,0.04043079,low_risk_log_only
116.72,16,4,0,0,116.72,1.0,0,0.28655154,low_risk_log_only
154.0,8,4,0,2,45.0,3.422222222222222,0,0.5936226,medium_risk_human_review
112.0,9,2,0,0,112.0,1.0,0,0.1215168,low_risk_log_only
121.0,12,4,0,0,121.0,1.0,1,0.21565263,low_risk_log_only
154.0,19,1,0,0,154.0,1.0,0,0.04755904,low_risk_log_only
92.0,14,1,0,0,92.0,1.0,0,0.03148781,low_risk_log_only
112.0,16,6,0,0,112.0,1.0,0,0.08801511,low_risk_log_only
33.0,22,1,0,0,33.0,1.0,0,0.4163062,low_risk_log_only
165.0,15,4,0,0,165.0,1.0,0,0.49580956,medium_risk_human_review
20.0,15,1,0,0,20.0,1.0,0,0.023985507,low_risk_log_only
89.6,14,1,0,0,89.6,1.0,0,0.026929306,low_risk_log_only
100.0,13,3,0,0,100.0,1.0,0,0.13462876,low_risk_log_only
88.0,11,3,0,0,88.0,1.0,0,0.112333,low_risk_log_only
179.2,15,2,0,0,179.2,1.0,0,0.2269038,low_risk_log_only
89.6,1,6,1,2,184.8,0.4848484848484848,0,0.006113257,low_risk_log_only
132.0,13,4,0,1,143.0,0.9230769230769231,0,0.19017726,low_risk_log_only
135.94,23,2,1,0,135.94,1.0,0,0.2695841,low_risk_log_only
16.5,19,4,0,0,16.5,1.0,0,0.001132848,low_risk_log_only
88.0,18,2,0,1,88.0,1.0,0,0.27817896,low_risk_log_only
172.75,20,0,0,0,172.75,1.0,0,0.16474296,low_risk_log_only
35.53,0,2,1,0,35.53,1.0,0,0.28169182,low_risk_log_only
46.0,12,3,0,4,80.5,0.5714285714285714,0,0.6532886,medium_risk_human_review
104.5,10,4,0,0,104.5,1.0,0,0.1743093,low_risk_log_only
67.2,11,3,0,0,67.2,1.0,0,0.20202386,low_risk_log_only
78.4,23,0,1,0,78.4,1.0,0,0.07923728,low_risk_log_only
132.0,1,4,1,0,132.0,1.0,0,0.33634266,low_risk_log_only
264.0,18,1,0,0,264.0,1.0,0,0.22139943,low_risk_log_only
145.6,1,3,1,1,123.3,1.180859691808597,1,0.53311527,medium_risk_human_review
44.8,13,0,0,1,89.6,0.5,0,0.085153595,low_risk_log_only
23.0,21,3,0,0,23.0,1.0,0,0.0026222628,low_risk_log_only
56.0,21,1,0,0,56.0,1.0,0,0.27967408,low_risk_log_only
46.0,19,2,0,0,46.0,1.0,0,0.184142,low_risk_log_only
69.0,11,3,0,1,34.5,2.0,0,0.40643322,low_risk_log_only
23.0,13,2,0,0,23.0,1.0,0,0.008347707,low_risk_log_only
80.5,21,6,0,0,80.5,1.0,0,0.010956833,low_risk_log_only
30.0,13,3,0,0,30.0,1.0,0,0.050937496,low_risk_log_only
89.6,21,1,0,0,89.6,1.0,0,0.06514684,low_risk_log_only
77.0,22,4,0,0,77.0,1.0,0,0.25625682,low_risk_log_only
66.0,15,5,0,0,66.0,1.0,0,0.11530752,low_risk_log_only
121.0,19,2,0,0,121.0,1.0,0,0.21427143,low_risk_log_only
110.0,14,4,0,0,110.0,1.0,0,0.25533983,low_risk_log_only
78.4,8,3,0,0,78.4,1.0,0,0.0370253,low_risk_log_only
172.5,15,3,0,0,172.5,1.0,1,0.47834653,medium_risk_human_review
23.0,19,1,0,2,34.5,0.6666666666666666,0,0.16957855,low_risk_log_only
15.0,21,3,0,0,15.0,1.0,0,0.001002192,low_risk_log_only
43.2,13,4,0,0,43.2,1.0,0,0.16769622,low_risk_log_only
308.0,12,5,0,0,308.0,1.0,0,0.19059643,low_risk_log_only
143.0,17,2,0,0,143.0,1.0,0,0.07719701,low_risk_log_only
439.6,18,3,0,0,439.6,1.0,0,0.72937036,high_risk_auto_flag
88.0,23,3,1,1,88.0,1.0,0,0.2997527,low_risk_log_only
448.0,11,1,0,0,448.0,1.0,0,0.20354848,low_risk_log_only
77.0,18,4,0,0,77.0,1.0,0,0.29147428,low_risk_log_only
99.0,15,4,0,0,99.0,1.0,0,0.1931391,low_risk_log_only
156.8,8,1,0,0,156.8,1.0,0,0.0071255905,low_risk_log_only
143.0,16,6,0,0,143.0,1.0,0,0.018068165,low_risk_log_only
630.0,9,1,0,0,630.0,1.0,0,0.291006,low_risk_log_only
106.4,15,0,0,0,106.4,1.0,0,0.23812842,low_risk_log_only
88.0,18,2,0,0,88.0,1.0,0,0.06514684,low_risk_log_only
220.0,18,2,0,0,220.0,1.0,0,0.29446372,low_risk_log_only
78.4,13,0,0,0,78.4,1.0,0,0.05791213,low_risk_log_only
134.4,20,2,0,1,168.0,0.8,0,0.3915216,low_risk_log_only
121.0,19,4,0,1,112.0,1.0803571428571428,0,0.56967217,medium_risk_human_review
86.0,21,0,0,0,86.0,1.0,0,0.07015829,low_risk_log_only
103.5,16,2,0,0,103.5,1.0,0,0.21129102,low_risk_log_only
308.0,20,3,0,0,308.0,1.0,0,0.15192899,low_risk_log_only
84.0,22,1,0,1,72.8,1.153846153846154,0,0.20064719,low_risk_log_only
56.0,20,2,0,0,56.0,1.0,0,0.27967408,low_risk_log_only
630.0,10,0,0,0,630.0,1.0,0,0.03783727,low_risk_log_only
220.0,22,1,0,0,220.0,1.0,0,0.2708225,low_risk_log_only
46.0,21,0,0,0,46.0,1.0,0,0.19843382,low_risk_log_only
275.0,16,0,0,0,275.0,1.0,0,0.12000201,low_risk_log_only
34.5,17,2,0,0,34.5,1.0,0,0.42356965,low_risk_log_only
92.0,19,3,0,0,92.0,1.0,0,0.08486615,low_risk_log_only
308.0,15,4,0,0,308.0,1.0,0,0.16240619,low_risk_log_only
484.0,14,3,0,0,484.0,1.0,0,0.6557736,medium_risk_human_review
46.0,15,4,0,0,46.0,1.0,0,0.6280038,medium_risk_human_review
112.0,19,5,0,0,112.0,1.0,0,0.4526006,medium_risk_human_review
132.0,18,4,0,0,132.0,1.0,0,0.2244021,low_risk_log_only
45.2,22,6,0,0,45.2,1.0,0,0.006202065,low_risk_log_only
154.0,15,4,0,0,154.0,1.0,0,0.101136535,low_risk_log_only
138.0,13,4,0,0,138.0,1.0,0,0.14174284,low_risk_log_only
210.0,20,3,0,0,210.0,1.0,1,0.4816469,medium_risk_human_review
67.2,16,4,0,0,67.2,1.0,0,0.16978703,low_risk_log_only
352.0,22,2,0,0,352.0,1.0,0,0.118197806,low_risk_log_only
46.0,15,4,0,0,46.0,1.0,0,0.6280038,medium_risk_human_review
55.0,18,2,0,1,55.0,1.0,0,0.6738675,medium_risk_human_review
275.0,7,1,0,0,275.0,1.0,0,0.032526605,low_risk_log_only
105.0,18,5,0,0,105.0,1.0,0,0.2734634,low_risk_log_only
880.0,15,5,0,0,880.0,1.0,0,0.64604694,medium_risk_human_review
672.0,15,2,0,0,672.0,1.0,0,0.79996717,high_risk_auto_flag
138.0,17,2,0,2,214.5,0.6433566433566433,0,0.7777564,high_risk_auto_flag
630.0,18,0,0,0,630.0,1.0,0,0.05083473,low_risk_log_only
104.5,14,4,0,1,104.5,1.0,0,0.45497555,medium_risk_human_review
104.5,22,5,0,0,104.5,1.0,0,0.21423008,low_risk_log_only
77.0,12,3,0,0,77.0,1.0,0,0.25137022,low_risk_log_only
120.75,14,3,0,1,138.0,0.875,0,0.16245773,low_risk_log_only
132.0,22,4,0,0,132.0,1.0,0,0.2244021,low_risk_log_only
78.4,19,3,0,1,78.4,1.0,0,0.500347,medium_risk_human_review
154.0,17,4,0,0,154.0,1.0,0,0.09793571,low_risk_log_only
112.0,19,3,0,0,112.0,1.0,0,0.34365085,low_risk_log_only
23.0,13,1,0,0,23.0,1.0,0,0.01094208,low_risk_log_only
89.6,14,0,0,0,89.6,1.0,0,0.030184422,low_risk_log_only
220.0,16,4,0,0,220.0,1.0,0,0.36363643,low_risk_log_only
143.0,21,6,0,0,143.0,1.0,0,0.014871542,low_risk_log_only
115.0,10,4,0,0,115.0,1.0,0,0.2802719,low_risk_log_only
100.0,11,5,0,0,100.0,1.0,0,0.33824548,low_risk_log_only
48.0,22,0,0,0,48.0,1.0,0,0.2458923,low_risk_log_only
92.0,16,0,0,0,92.0,1.0,0,0.123453006,low_risk_log_only
138.0,15,4,0,0,138.0,1.0,0,0.22454183,low_risk_log_only
154.0,12,4,0,0,154.0,1.0,0,0.121591255,low_risk_log_only
143.0,18,2,0,0,143.0,1.0,0,0.07050013,low_risk_log_only
111.65,20,0,0,0,111.65,1.0,0,0.290186,low_risk_log_only
120.75,14,3,0,0,120.75,1.0,0,0.18774818,low_risk_log_only
148.5,23,6,1,0,148.5,1.0,0,0.20394477,low_risk_log_only
313.6,17,1,0,0,313.6,1.0,0,0.13430825,low_risk_log_only
132.0,10,1,0,0,132.0,1.0,0,0.0579649,low_risk_log_only
154.0,20,1,0,0,154.0,1.0,0,0.04755904,low_risk_log_only
40.0,20,5,0,1,40.0,1.0,0,0.08718719,low_risk_log_only
89.6,19,0,0,1,45.2,1.982300884955752,0,0.20432761,low_risk_log_only
23.0,0,2,1,0,23.0,1.0,0,0.11921554,low_risk_log_only
297.0,21,6,0,0,297.0,1.0,0,0.058163874,low_risk_log_only
134.4,0,4,1,0,134.4,1.0,0,0.27851868,low_risk_log_only
231.0,23,4,1,0,231.0,1.0,0,0.19502431,low_risk_log_only
34.5,9,2,0,0,34.5,1.0,0,0.093916565,low_risk_log_only
110.0,17,4,0,0,110.0,1.0,0,0.35273108,low_risk_log_only
123.3,13,0,0,0,123.3,1.0,0,0.072049506,low_risk_log_only
345.0,22,4,0,1,402.5,0.8571428571428571,0,0.151,low_risk_log_only
65.0,20,2,0,0,65.0,1.0,0,0.42904618,low_risk_log_only
23.0,12,1,0,0,23.0,1.0,0,0.010720275,low_risk_log_only
275.0,18,0,0,0,275.0,1.0,0,0.10619314,low_risk_log_only
132.0,12,4,0,0,132.0,1.0,0,0.16417703,low_risk_log_only
156.8,21,4,0,0,156.8,1.0,0,0.09786517,low_risk_log_only
77.0,8,4,0,0,77.0,1.0,0,0.06514655,low_risk_log_only
145.6,21,0,0,1,145.6,1.0,0,0.22113264,low_risk_log_only
161.0,16,2,0,0,161.0,1.0,0,0.05727568,low_risk_log_only
403.2,22,3,0,0,403.2,1.0,0,0.71637684,high_risk_auto_flag
165.0,10,2,0,0,165.0,1.0,0,0.07930661,low_risk_log_only
134.4,16,0,0,0,134.4,1.0,0,0.27640393,low_risk_log_only
16.5,16,3,0,0,16.5,1.0,0,0.00229204,low_risk_log_only
110.0,2,4,1,0,110.0,1.0,0,0.3336673,low_risk_log_only
134.4,22,1,0,0,134.4,1.0,0,0.18470976,low_risk_log_only
46.0,12,1,0,0,46.0,1.0,0,0.26141438,low_risk_log_only
154.0,23,3,1,0,154.0,1.0,0,0.12756765,low_risk_log_only
209.0,13,4,0,0,209.0,1.0,0,0.42540953,low_risk_log_only
154.0,11,4,0,0,154.0,1.0,0,0.14686324,low_risk_log_only
168.0,15,2,0,0,168.0,1.0,0,0.31393504,low_risk_log_only
46.0,16,1,0,1,46.69,0.9852216748768473,0,0.6490461,medium_risk_human_review
46.0,10,4,0,0,46.0,1.0,0,0.26874724,low_risk_log_only
35.0,14,4,0,0,35.0,1.0,0,0.10396551,low_risk_log_only
201.6,22,4,0,0,201.6,1.0,0,0.3860656,low_risk_log_only
313.6,8,0,0,0,313.6,1.0,0,0.02760624,low_risk_log_only
55.0,11,4,0,1,60.89,0.9032681885367055,0,0.725716,high_risk_auto_flag
185.39,17,4,0,2,467.5,0.39655614973262027,1,0.53921807,medium_risk_human_review
132.0,14,5,0,0,132.0,1.0,0,0.2751214,low_risk_log_only
30.0,12,5,0,0,30.0,1.0,0,0.01073687,low_risk_log_only
78.96,16,3,0,0,78.96,1.0,0,0.19614378,low_risk_log_only
89.6,17,0,0,1,89.6,1.0,0,0.45448127,medium_risk_human_review
308.0,16,0,0,0,308.0,1.0,0,0.08481682,low_risk_log_only
286.0,12,3,0,0,286.0,1.0,0,0.17241077,low_risk_log_only
253.0,14,1,0,0,253.0,1.0,0,0.12167347,low_risk_log_only
16.5,14,2,0,0,16.5,1.0,0,0.0032853417,low_risk_log_only
25.0,15,5,0,0,25.0,1.0,0,0.013792491,low_risk_log_only
99.0,15,4,0,0,99.0,1.0,0,0.1931391,low_risk_log_only
34.5,19,4,0,0,34.5,1.0,0,0.12224219,low_risk_log_only
43.7,12,6,0,0,43.7,1.0,0,0.007164491,low_risk_log_only
99.0,16,4,0,0,99.0,1.0,0,0.19153334,low_risk_log_only
110.0,18,2,0,0,110.0,1.0,0,0.29055926,low_risk_log_only
848.0,14,3,0,0,848.0,1.0,0,0.37266132,low_risk_log_only
134.4,9,4,0,0,134.4,1.0,0,0.12597258,low_risk_log_only
5.0,11,3,0,0,5.0,1.0,0,0.003118665,low_risk_log_only
5.0,21,2,0,0,5.0,1.0,0,0.0025579531,low_risk_log_only
275.0,15,3,0,0,275.0,1.0,0,0.22197135,low_risk_log_only
103.5,23,3,1,0,103.5,1.0,0,0.12188107,low_risk_log_only
78.4,10,0,0,0,78.4,1.0,0,0.043317065,low_risk_log_only
138.0,10,5,0,0,138.0,1.0,0,0.1739513,low_risk_log_only
40.0,16,4,0,0,40.0,1.0,0,0.24094251,low_risk_log_only
264.5,18,0,0,0,264.5,1.0,0,0.10619314,low_risk_log_only
100.8,15,5,0,0,100.8,1.0,0,0.28414157,low_risk_log_only
154.0,9,3,0,0,154.0,1.0,0,0.07598661,low_risk_log_only
274.38,10,4,0,0,274.38,1.0,0,0.12752406,low_risk_log_only
111.65,8,0,0,0,111.65,1.0,0,0.07091747,low_risk_log_only
55.0,15,5,0,0,55.0,1.0,0,0.15538964,low_risk_log_only
46.0,22,1,0,0,46.0,1.0,0,0.2803814,low_risk_log_only
67.2,10,1,0,1,268.8,0.25,0,0.20269404,low_risk_log_only
34.5,20,5,0,0,34.5,1.0,0,0.018780142,low_risk_log_only
62.1,9,3,0,1,62.1,1.0,0,0.6440449,medium_risk_human_review
69.0,17,3,0,1,46.0,1.5,0,0.74346095,high_risk_auto_flag
100.8,10,5,0,1,89.6,1.125,0,0.1811523,low_risk_log_only
110.0,21,3,0,0,110.0,1.0,0,0.31691194,low_risk_log_only
92.0,16,4,0,0,92.0,1.0,0,0.098229736,low_risk_log_only
100.8,13,2,0,0,100.8,1.0,0,0.06872314,low_risk_log_only
330.0,17,4,0,1,57.5,5.739130434782608,0,0.9003732,high_risk_auto_flag
68.66,15,5,0,0,68.66,1.0,0,0.06666527,low_risk_log_only
49.5,23,6,1,0,49.5,1.0,0,0.04712496,low_risk_log_only
242.0,11,0,0,0,242.0,1.0,0,0.06300254,low_risk_log_only
402.5,19,4,0,0,402.5,1.0,1,0.6129617,medium_risk_human_review
20.0,13,2,0,0,20.0,1.0,0,0.009672847,low_risk_log_only
38.5,17,1,0,0,38.5,1.0,0,0.26167318,low_risk_log_only
84.0,8,2,0,0,84.0,1.0,0,0.006623536,low_risk_log_only
16.5,19,3,0,0,16.5,1.0,0,0.001002192,low_risk_log_only
297.0,21,2,0,1,77.0,3.857142857142857,0,0.69610274,medium_risk_human_review
31.05,11,2,0,0,31.05,1.0,0,0.14792994,low_risk_log_only
34.5,14,2,0,0,34.5,1.0,0,0.17833681,low_risk_log_only
448.0,12,0,0,0,448.0,1.0,0,0.18641222,low_risk_log_only
143.0,15,2,0,0,143.0,1.0,0,0.060150597,low_risk_log_only
33.0,13,1,0,0,33.0,1.0,0,0.12354495,low_risk_log_only
46.0,18,4,0,0,46.0,1.0,0,0.23610643,low_risk_log_only
110.0,15,4,0,0,110.0,1.0,0,0.35509464,low_risk_log_only
72.0,13,6,0,1,96.0,0.75,0,0.088294856,low_risk_log_only
15.0,22,6,0,0,15.0,1.0,0,7.6197386e-05,low_risk_log_only
20.0,19,2,0,0,20.0,1.0,0,0.007966814,low_risk_log_only
63.46,19,0,0,0,63.46,1.0,0,0.27612305,low_risk_log_only
25.0,9,4,0,0,25.0,1.0,0,0.031938966,low_risk_log_only
23.0,20,2,0,1,23.0,1.0,0,0.047747806,low_risk_log_only
46.0,17,4,0,2,46.0,1.0,0,0.9668686,high_risk_auto_flag
77.0,23,5,1,0,77.0,1.0,0,0.046678964,low_risk_log_only
280.0,11,4,0,0,280.0,1.0,0,0.19552124,low_risk_log_only
143.0,23,2,1,0,143.0,1.0,0,0.117815845,low_risk_log_only
46.0,15,1,0,0,46.0,1.0,0,0.5292416,medium_risk_human_review
99.0,5,2,1,0,99.0,1.0,0,0.11605135,low_risk_log_only
220.0,12,5,0,0,220.0,1.0,0,0.44529396,low_risk_log_only
830.0,13,0,0,0,830.0,1.0,0,0.012701451,low_risk_log_only
132.25,18,0,0,0,132.25,1.0,0,0.20091134,low_risk_log_only
66.0,20,4,0,0,66.0,1.0,0,0.51111156,medium_risk_human_review
57.5,13,2,0,4,57.5,1.0,0,0.9718107,high_risk_auto_flag
23.0,13,4,0,0,23.0,1.0,0,0.004098674,low_risk_log_only
80.5,9,1,0,1,313.6,0.25669642857142855,0,0.2482493,low_risk_log_only
172.5,15,3,0,1,172.5,1.0,1,0.87467545,high_risk_auto_flag
34.5,18,1,0,0,34.5,1.0,0,0.25929207,low_risk_log_only
20.0,16,2,0,0,20.0,1.0,0,0.020472197,low_risk_log_only
154.0,13,2,0,0,154.0,1.0,0,0.016112441,low_risk_log_only
100.8,22,1,0,0,100.8,1.0,0,0.20508407,low_risk_log_only
88.0,23,1,1,0,88.0,1.0,0,0.08668413,low_risk_log_only
220.0,23,4,1,1,100.8,2.182539682539683,0,0.5655831,medium_risk_human_review
209.0,16,4,0,0,209.0,1.0,0,0.50281155,medium_risk_human_review
172.5,19,3,0,0,172.5,1.0,1,0.45864803,medium_risk_human_review
33.0,20,5,0,0,33.0,1.0,0,0.015384543,low_risk_log_only
10.0,16,3,0,0,10.0,1.0,0,0.00229204,low_risk_log_only
132.0,22,0,0,0,132.0,1.0,0,0.20091134,low_risk_log_only
35.0,14,5,0,0,35.0,1.0,0,0.016202932,low_risk_log_only
250.0,16,6,0,18,250.0,1.0,1,0.99908066,high_risk_auto_flag
99.0,16,5,0,0,99.0,1.0,0,0.31683746,low_risk_log_only
268.8,21,6,0,0,268.8,1.0,0,0.030515108,low_risk_log_only
57.5,0,3,1,0,57.5,1.0,0,0.79154575,high_risk_auto_flag
143.0,12,3,0,0,143.0,1.0,0,0.075924195,low_risk_log_only
104.5,18,1,0,0,104.5,1.0,1,0.2022315,low_risk_log_only
69.0,20,3,0,0,69.0,1.0,0,0.19271307,low_risk_log_only
34.5,12,3,0,0,34.5,1.0,0,0.11172612,low_risk_log_only
56.0,19,3,0,1,77.0,0.7272727272727273,0,0.26816297,low_risk_log_only
23.0,13,3,0,0,23.0,1.0,0,0.004098674,low_risk_log_only
89.6,20,6,0,0,89.6,1.0,0,0.011011172,low_risk_log_only
23.0,19,4,0,0,23.0,1.0,0,0.0029635008,low_risk_log_only
352.0,13,5,0,2,286.0,1.2307692307692308,1,0.9286977,high_risk_auto_flag
99.0,18,2,0,0,99.0,1.0,0,0.20508407,low_risk_log_only
110.0,23,3,1,0,110.0,1.0,0,0.1831725,low_risk_log_only
138.0,10,2,0,0,138.0,1.0,0,0.047229078,low_risk_log_only
62.1,23,5,1,0,62.1,1.0,0,0.038374368,low_risk_log_only
70.0,7,3,0,0,70.0,1.0,0,0.031584527,low_risk_log_only
161.0,17,6,0,0,161.0,1.0,0,0.01739396,low_risk_log_only
46.0,10,0,0,0,46.0,1.0,0,0.140449,low_risk_log_only
126.5,19,4,0,0,126.5,1.0,0,0.31061077,low_risk_log_only
99.0,11,4,0,0,99.0,1.0,0,0.25291586,low_risk_log_only
100.8,14,5,0,0,100.8,1.0,0,0.19819354,low_risk_log_only
336.0,19,4,0,0,336.0,1.0,0,0.13643943,low_risk_log_only
78.4,16,2,0,0,78.4,1.0,0,0.1816536,low_risk_log_only
49.5,23,3,1,1,16.5,3.0,0,0.0046684206,low_risk_log_only
78.4,21,0,0,0,78.4,1.0,0,0.1577579,low_risk_log_only
121.0,20,1,0,0,121.0,1.0,0,0.21427143,low_risk_log_only
220.0,14,1,0,1,36.66,6.001091107474087,0,0.3531803,low_risk_log_only
89.6,18,0,0,0,89.6,1.0,0,0.07015829,low_risk_log_only
134.4,19,2,0,0,134.4,1.0,0,0.18470976,low_risk_log_only
70.0,18,5,0,2,35.53,1.9701660568533632,0,0.11147054,low_risk_log_only
46.0,15,4,0,1,46.0,1.0,0,0.8759063,high_risk_auto_flag
345.0,20,2,0,1,246.4,1.4001623376623376,0,0.21816917,low_risk_log_only
190.4,13,3,0,3,190.4,1.0,0,0.97081536,high_risk_auto_flag
69.0,13,4,0,0,69.0,1.0,0,0.10208635,low_risk_log_only
88.0,16,2,0,0,88.0,1.0,0,0.07779117,low_risk_log_only
198.0,16,4,0,1,198.0,1.0,0,0.73916715,high_risk_auto_flag
23.0,23,0,1,0,23.0,1.0,0,0.011228451,low_risk_log_only
297.0,11,0,0,0,297.0,1.0,0,0.17672063,low_risk_log_only
46.0,16,4,0,0,46.0,1.0,0,0.60069776,medium_risk_human_review
112.0,10,0,0,0,112.0,1.0,0,0.14637922,low_risk_log_only
104.5,10,2,0,0,104.5,1.0,0,0.09954172,low_risk_log_only
268.8,0,2,1,0,268.8,1.0,0,0.2904916,low_risk_log_only
69.0,19,3,0,0,69.0,1.0,0,0.19271307,low_risk_log_only
44.8,17,0,0,0,44.8,1.0,0,0.26595467,low_risk_log_only
104.5,14,4,0,0,104.5,1.0,0,0.12775642,low_risk_log_only
99.0,17,4,0,0,99.0,1.0,0,0.19153334,low_risk_log_only
23.0,20,2,0,1,23.0,1.0,0,0.047747806,low_risk_log_only
159.5,19,4,0,0,159.5,1.0,0,0.106324375,low_risk_log_only
69.0,13,2,0,0,69.0,1.0,0,0.05116942,low_risk_log_only
35.53,16,5,0,0,35.53,1.0,0,0.03233855,low_risk_log_only
154.0,15,1,0,0,154.0,1.0,0,0.04043079,low_risk_log_only
34.5,15,1,0,0,34.5,1.0,0,0.42780834,low_risk_log_only
36.0,13,5,0,0,36.0,1.0,0,0.013856831,low_risk_log_only
154.0,18,4,0,0,154.0,1.0,0,0.106324375,low_risk_log_only
154.0,23,0,1,0,154.0,1.0,0,0.09906583,low_risk_log_only
112.0,10,0,0,0,112.0,1.0,0,0.14637922,low_risk_log_only
46.0,20,6,0,0,46.0,1.0,0,0.008860608,low_risk_log_only
20.0,22,1,0,0,20.0,1.0,0,0.021275926,low_risk_log_only
99.0,21,3,0,0,99.0,1.0,0,0.2261557,low_risk_log_only
154.0,18,1,0,0,154.0,1.0,0,0.04755904,low_risk_log_only
112.0,22,3,0,0,112.0,1.0,0,0.34365085,low_risk_log_only
69.0,14,4,0,0,69.0,1.0,0,0.123656824,low_risk_log_only
172.5,14,2,0,0,172.5,1.0,0,0.21484092,low_risk_log_only
145.6,3,3,1,0,145.6,1.0,0,0.48954293,medium_risk_human_review
89.6,16,2,0,0,89.6,1.0,0,0.07779117,low_risk_log_only
184.0,11,3,0,0,184.0,1.0,0,0.29818565,low_risk_log_only
46.0,18,1,0,0,46.0,1.0,0,0.184142,low_risk_log_only
23.0,19,2,0,0,23.0,1.0,0,0.0070011164,low_risk_log_only
1696.0,15,3,0,0,1696.0,1.0,0,0.17603232,low_risk_log_only
55.0,21,5,0,1,66.0,0.8333333333333334,0,0.08317525,low_risk_log_only
110.0,16,5,0,0,110.0,1.0,0,0.52736706,medium_risk_human_review
268.9,10,4,0,0,268.9,1.0,0,0.12752406,low_risk_log_only
56.0,14,2,0,0,56.0,1.0,0,0.15721329,low_risk_log_only
69.0,21,5,0,0,69.0,1.0,0,0.059279777,low_risk_log_only
112.0,22,4,0,0,112.0,1.0,1,0.34365085,low_risk_log_only
99.0,18,3,0,0,99.0,1.0,0,0.2261557,low_risk_log_only
138.0,10,6,0,0,138.0,1.0,0,0.011949056,low_risk_log_only
352.0,10,3,0,0,352.0,1.0,0,0.0714924,low_risk_log_only
99.0,23,4,1,0,99.0,1.0,0,0.10044735,low_risk_log_only
230.0,13,2,0,0,230.0,1.0,0,0.0501454,low_risk_log_only
336.0,14,3,0,0,336.0,1.0,0,0.10337792,low_risk_log_only
66.0,11,1,0,0,66.0,1.0,0,0.1875333,low_risk_log_only
89.6,14,0,0,1,77.0,1.1636363636363636,0,0.30651754,low_risk_log_only
396.0,23,4,1,0,396.0,1.0,0,0.3526395,low_risk_log_only
69.0,23,4,1,0,69.0,1.0,0,0.09465549,low_risk_log_only
224.0,13,0,0,0,224.0,1.0,0,0.03041391,low_risk_log_only
140.0,16,4,0,0,140.0,1.0,0,0.14156519,low_risk_log_only
190.4,21,1,0,0,190.4,1.0,0,0.33600596,low_risk_log_only
156.8,16,0,0,1,110.0,1.4254545454545455,0,0.65400344,medium_risk_human_review
88.0,22,3,0,0,88.0,1.0,0,0.073163785,low_risk_log_only
134.4,15,0,0,0,134.4,1.0,0,0.17687516,low_risk_log_only
89.6,18,3,0,0,89.6,1.0,0,0.073163785,low_risk_log_only
92.0,15,2,0,0,92.0,1.0,0,0.080692746,low_risk_log_only
154.0,18,4,0,0,154.0,1.0,0,0.106324375,low_risk_log_only
172.5,19,4,0,1,112.0,1.5401785714285714,0,0.7435803,high_risk_auto_flag
154.0,14,4,0,0,154.0,1.0,0,0.08348849,low_risk_log_only
49.5,13,5,0,0,49.5,1.0,0,0.04407542,low_risk_log_only
121.0,15,4,0,0,121.0,1.0,0,0.2706958,low_risk_log_only
154.0,13,0,0,0,154.0,1.0,0,0.016112441,low_risk_log_only
176.0,22,1,0,0,176.0,1.0,0,0.24082218,low_risk_log_only
55.0,20,1,0,0,55.0,1.0,0,0.3211226,low_risk_log_only
44.8,19,0,0,0,44.8,1.0,0,0.10100061,low_risk_log_only
23.0,1,4,1,0,23.0,1.0,0,0.07797068,low_risk_log_only
154.0,10,3,0,0,154.0,1.0,0,0.07598661,low_risk_log_only
286.0,23,0,1,0,286.0,1.0,0,0.27400956,low_risk_log_only
134.4,14,2,0,0,134.4,1.0,0,0.07714142,low_risk_log_only
242.0,15,1,0,0,242.0,1.0,0,0.090437,low_risk_log_only
88.0,13,5,0,4,42.0,2.0952380952380953,0,0.46904448,medium_risk_human_review
132.0,8,3,0,0,132.0,1.0,0,0.066447765,low_risk_log_only
92.0,15,2,0,0,92.0,1.0,0,0.080692746,low_risk_log_only
46.0,13,4,0,0,46.0,1.0,0,0.52864385,medium_risk_human_review
275.0,15,5,0,0,275.0,1.0,0,0.33187956,low_risk_log_only
55.0,17,4,0,0,55.0,1.0,0,0.54611915,medium_risk_human_review
143.0,0,6,1,0,143.0,1.0,0,0.02974681,low_risk_log_only
104.5,21,3,0,0,104.5,1.0,0,0.2230923,low_risk_log_only
27.5,11,3,0,0,27.5,1.0,0,0.10489824,low_risk_log_only
57.5,11,3,0,0,57.5,1.0,0,0.704458,high_risk_auto_flag
40.0,16,1,0,0,40.0,1.0,0,0.21250938,low_risk_log_only
66.0,13,4,0,0,66.0,1.0,0,0.39663127,low_risk_log_only
46.0,9,4,0,0,46.0,1.0,0,0.26874724,low_risk_log_only
34.5,17,0,0,0,34.5,1.0,0,0.5532182,medium_risk_human_review
132.0,9,2,0,0,132.0,1.0,0,0.0579649,low_risk_log_only
23.0,18,4,0,1,23.0,1.0,0,0.032091174,low_risk_log_only
69.0,18,4,0,0,69.0,1.0,0,0.19271307,low_risk_log_only
156.8,8,1,0,0,156.8,1.0,0,0.0071255905,low_risk_log_only
23.0,22,3,0,0,23.0,1.0,0,0.00370511,low_risk_log_only
154.0,14,3,0,0,154.0,1.0,0,0.06429604,low_risk_log_only
209.0,10,1,0,0,209.0,1.0,0,0.25744584,low_risk_log_only
352.0,11,0,0,1,110.0,3.2,0,0.32402334,low_risk_log_only
56.0,18,2,0,0,56.0,1.0,0,0.27967408,low_risk_log_only
156.8,9,5,0,0,156.8,1.0,0,0.14687341,low_risk_log_only
110.0,22,5,0,0,110.0,1.0,0,0.34669584,low_risk_log_only
69.0,18,5,0,0,69.0,1.0,0,0.07712145,low_risk_log_only
92.0,20,6,0,0,92.0,1.0,0,0.011699249,low_risk_log_only
172.5,15,3,0,0,172.5,1.0,0,0.47834653,medium_risk_human_review
96.42,20,5,0,1,96.42,1.0,0,0.67179257,medium_risk_human_review
253.0,22,0,0,0,253.0,1.0,0,0.18334626,low_risk_log_only
5.0,21,4,0,0,5.0,1.0,0,0.001132848,low_risk_log_only
77.0,17,3,0,0,77.0,1.0,0,0.30663517,low_risk_log_only
156.8,20,4,0,0,156.8,1.0,0,0.09786517,low_risk_log_only
34.5,18,4,0,0,34.5,1.0,0,0.12224219,low_risk_log_only
38.5,19,3,0,0,38.5,1.0,0,0.16690224,low_risk_log_only
86.0,12,1,0,0,86.0,1.0,0,0.024968274,low_risk_log_only
110.0,21,1,0,0,110.0,1.0,0,0.29055926,low_risk_log_only
220.0,17,2,0,0,220.0,1.0,1,0.3152204,low_risk_log_only
78.4,0,1,1,0,78.4,1.0,0,0.14983723,low_risk_log_only
154.0,12,0,0,0,154.0,1.0,0,0.01646152,low_risk_log_only
31.05,17,0,0,0,31.05,1.0,0,0.57806885,medium_risk_human_review
99.0,19,3,0,0,99.0,1.0,0,0.2261557,low_risk_log_only
110.0,12,5,0,3,110.0,1.0,1,0.9800702,high_risk_auto_flag
190.4,17,5,0,1,132.25,1.4396975425330814,0,0.58293074,medium_risk_human_review
20.0,22,5,0,1,20.0,1.0,0,0.008751062,low_risk_log_only
49.5,13,3,0,0,49.5,1.0,0,0.23475018,low_risk_log_only
62.1,14,2,0,0,62.1,1.0,0,0.23299623,low_risk_log_only
46.0,19,3,0,1,46.0,1.0,0,0.49809334,medium_risk_human_review
16.5,16,2,0,1,16.5,1.0,0,0.028676765,low_risk_log_only
46.0,9,3,0,0,46.0,1.0,0,0.26874724,low_risk_log_only
46.0,19,3,0,0,46.0,1.0,0,0.21470033,low_risk_log_only
138.0,8,2,0,0,138.0,1.0,0,0.021563098,low_risk_log_only
46.0,0,4,1,0,46.0,1.0,0,0.5856996,medium_risk_human_review
85.27,16,3,0,0,85.27,1.0,0,0.08485553,low_risk_log_only
34.5,15,1,0,0,34.5,1.0,0,0.42780834,low_risk_log_only
89.6,10,4,0,0,89.6,1.0,0,0.034401365,low_risk_log_only
134.4,23,2,1,4,112.0,1.2,0,0.9687589,high_risk_auto_flag
154.0,21,0,0,0,154.0,1.0,0,0.044434074,low_risk_log_only
17.24,2,1,1,2,17.24,1.0,1,0.90117943,high_risk_auto_flag
336.0,11,4,0,1,672.0,0.5,0,0.13633533,low_risk_log_only
336.0,12,0,0,0,336.0,1.0,0,0.057806727,low_risk_log_only
10.0,11,1,0,0,10.0,1.0,0,0.006145226,low_risk_log_only
112.0,13,4,0,0,112.0,1.0,0,0.222698,low_risk_log_only
336.0,22,3,0,0,336.0,1.0,0,0.15585166,low_risk_log_only
92.0,18,2,0,0,92.0,1.0,0,0.0756716,low_risk_log_only
23.0,18,5,0,0,23.0,1.0,0,0.00045349792,low_risk_log_only
16.5,16,1,0,0,16.5,1.0,0,0.0085416,low_risk_log_only
92.0,18,6,0,0,92.0,1.0,0,0.011699249,low_risk_log_only
44.0,9,3,0,0,44.0,1.0,0,0.15517394,low_risk_log_only
224.0,20,2,0,0,224.0,1.0,0,0.09033519,low_risk_log_only
99.0,19,4,0,0,99.0,1.0,0,0.1876636,low_risk_log_only
190.4,17,5,0,0,190.4,1.0,0,0.5607687,medium_risk_human_review
187.0,18,0,0,0,187.0,1.0,0,0.16874121,low_risk_log_only
302.4,20,1,0,0,302.4,1.0,0,0.3095919,low_risk_log_only
35.0,17,1,0,0,35.0,1.0,0,0.4044638,low_risk_log_only
247.17,20,0,0,0,247.17,1.0,0,0.11928583,low_risk_log_only
715.0,19,0,0,0,715.0,1.0,0,0.021474874,low_risk_log_only
27.5,23,1,1,0,27.5,1.0,0,0.19643024,low_risk_log_only
110.0,11,0,0,0,110.0,1.0,0,0.18950318,low_risk_log_only
45.2,22,0,0,2,67.80000000000001,0.6666666666666666,0,0.49056318,medium_risk_human_review
99.0,10,3,0,1,99.0,1.0,0,0.42736644,low_risk_log_only
132.0,14,3,0,0,132.0,1.0,0,0.1937713,low_risk_log_only
201.6,17,4,0,0,201.6,1.0,0,0.40228292,low_risk_log_only
110.0,22,3,0,0,110.0,1.0,0,0.31691194,low_risk_log_only
245.0,13,3,0,0,245.0,1.0,0,0.0948753,low_risk_log_only
154.0,12,1,0,0,154.0,1.0,0,0.01646152,low_risk_log_only
23.0,19,4,0,0,23.0,1.0,0,0.0029635008,low_risk_log_only
15.0,9,0,0,0,15.0,1.0,0,0.003697607,low_risk_log_only
44.0,17,1,0,1,44.0,1.0,0,0.62081075,medium_risk_human_review
16.5,22,5,0,0,16.5,1.0,0,0.00025245256,low_risk_log_only
34.5,14,4,0,0,34.5,1.0,1,0.10396551,low_risk_log_only
11.65,20,2,0,0,11.65,1.0,0,0.0025579531,low_risk_log_only
44.8,17,0,0,1,44.8,1.0,0,0.68731815,medium_risk_human_review
88.0,21,0,0,0,88.0,1.0,0,0.07015829,low_risk_log_only
161.0,2,4,1,0,161.0,1.0,0,0.5384255,medium_risk_human_review
88.0,19,2,0,2,99.0,0.8888888888888888,0,0.30989742,low_risk_log_only
154.0,7,1,0,0,154.0,1.0,0,0.006786588,low_risk_log_only
145.6,21,3,0,0,145.6,1.0,0,0.095822304,low_risk_log_only
396.0,22,3,0,0,396.0,1.0,0,0.3781203,low_risk_log_only
30.0,22,6,0,0,30.0,1.0,0,0.0079126945,low_risk_log_only
104.5,11,0,0,0,104.5,1.0,0,0.12330774,low_risk_log_only
78.4,18,0,0,0,78.4,1.0,0,0.1577579,low_risk_log_only
49.5,14,3,0,0,49.5,1.0,0,0.27574366,low_risk_log_only
28.75,23,0,1,0,28.75,1.0,0,0.28197122,low_risk_log_only
77.0,23,1,1,0,77.0,1.0,0,0.17312528,low_risk_log_only
31.59,9,5,0,0,31.59,1.0,0,0.005207416,low_risk_log_only
78.4,11,0,0,0,78.4,1.0,0,0.08876767,low_risk_log_only
126.5,17,2,0,0,126.5,1.0,0,0.33266607,low_risk_log_only
55.0,22,1,0,0,55.0,1.0,0,0.44950897,low_risk_log_only
187.0,9,2,0,0,187.0,1.0,0,0.08587778,low_risk_log_only
77.0,21,6,0,0,77.0,1.0,0,0.017714888,low_risk_log_only
112.0,18,2,0,0,112.0,1.0,1,0.31610364,low_risk_log_only
103.5,15,2,0,0,103.5,1.0,0,0.19178239,low_risk_log_only
132.0,0,5,1,0,132.0,1.0,0,0.3558957,low_risk_log_only
55.0,2,5,1,0,55.0,1.0,0,0.3956603,low_risk_log_only
140.0,16,3,0,0,140.0,1.0,0,0.110633455,low_risk_log_only
10.0,10,6,0,0,10.0,1.0,0,8.751151e-05,low_risk_log_only
209.0,14,3,0,0,209.0,1.0,0,0.45885995,medium_risk_human_review
23.0,19,1,0,0,23.0,1.0,0,0.00810316,low_risk_log_only
154.0,9,2,0,0,154.0,1.0,0,0.013981653,low_risk_log_only
336.0,21,4,0,0,336.0,1.0,0,0.13643943,low_risk_log_only
440.0,15,5,0,1,220.0,2.0,0,0.9492586,high_risk_auto_flag
462.0,10,2,0,0,462.0,1.0,0,0.31499967,low_risk_log_only
77.0,22,4,0,0,77.0,1.0,0,0.25625682,low_risk_log_only
286.0,12,3,0,0,286.0,1.0,0,0.17241077,low_risk_log_only
132.0,11,1,0,0,132.0,1.0,0,0.08220586,low_risk_log_only
121.0,10,5,0,0,121.0,1.0,0,0.29433846,low_risk_log_only
44.0,10,4,0,0,44.0,1.0,0,0.15517394,low_risk_log_only
46.0,13,4,0,0,46.0,1.0,0,0.52864385,medium_risk_human_review
102.6,18,2,0,1,307.8,0.3333333333333333,0,0.32756856,low_risk_log_only
89.6,10,0,0,0,89.6,1.0,0,0.019711917,low_risk_log_only
95.2,17,5,0,3,95.2,1.0,1,0.97150785,high_risk_auto_flag
34.5,13,3,0,0,34.5,1.0,0,0.08549487,low_risk_log_only
132.0,14,4,0,0,132.0,1.0,0,0.1937713,low_risk_log_only
276.0,14,4,0,0,276.0,1.0,0,0.17956677,low_risk_log_only
39.07,16,1,0,2,58.035,0.6732144395623331,1,0.6764752,medium_risk_human_review
49.5,18,5,0,0,49.5,1.0,0,0.034747306,low_risk_log_only
138.0,10,2,0,0,138.0,1.0,0,0.047229078,low_risk_log_only
448.0,22,5,0,0,448.0,1.0,0,0.7827034,high_risk_auto_flag
20.0,22,3,0,0,20.0,1.0,0,0.0042181048,low_risk_log_only
154.0,23,0,1,0,154.0,1.0,0,0.09906583,low_risk_log_only
506.0,17,2,0,3,345.0,1.4666666666666666,0,0.9506693,high_risk_auto_flag
55.0,18,4,0,0,55.0,1.0,0,0.3931166,low_risk_log_only
80.5,22,2,0,0,80.5,1.0,0,0.07861298,low_risk_log_only
154.0,11,2,0,0,154.0,1.0,0,0.018842101,low_risk_log_only
20.12,15,1,0,1,52.86,0.38062807415815364,0,0.1606775,low_risk_log_only
276.0,13,2,0,0,276.0,1.0,0,0.09760709,low_risk_log_only
168.0,18,1,0,0,168.0,1.0,0,0.23987117,low_risk_log_only
58.36,19,2,0,0,58.36,1.0,0,0.42904618,low_risk_log_only
154.0,13,2,0,0,154.0,1.0,0,0.016112441,low_risk_log_only
31.59,16,4,0,0,31.59,1.0,0,0.17305413,low_risk_log_only
154.0,9,4,0,0,154.0,1.0,0,0.098302215,low_risk_log_only
34.5,14,3,0,0,34.5,1.0,0,0.10396551,low_risk_log_only
69.0,16,1,0,1,195.5,0.35294117647058826,0,0.2348889,low_risk_log_only
165.0,19,4,0,0,165.0,1.0,0,0.47604826,medium_risk_human_review
440.0,22,2,0,2,440.0,1.0,1,0.9571942,high_risk_auto_flag
112.0,14,2,0,0,112.0,1.0,0,0.12181772,low_risk_log_only
308.0,16,4,0,0,308.0,1.0,0,0.1608885,low_risk_log_only
308.0,22,0,0,0,308.0,1.0,0,0.07471307,low_risk_log_only
5.0,20,3,0,1,5.0,1.0,0,0.0072907754,low_risk_log_only
154.0,19,3,0,0,154.0,1.0,0,0.0710791,low_risk_log_only
132.0,9,5,0,0,132.0,1.0,0,0.20180084,low_risk_log_only
10.0,13,1,0,0,10.0,1.0,0,0.0040841983,low_risk_log_only
99.0,20,1,0,0,99.0,1.0,1,0.20508407,low_risk_log_only
220.0,19,4,0,0,220.0,1.0,0,0.34806988,low_risk_log_only
99.0,9,3,0,0,99.0,1.0,0,0.107596666,low_risk_log_only
48.0,19,0,0,0,48.0,1.0,0,0.15887742,low_risk_log_only
235.2,16,2,0,0,235.2,1.0,0,0.09871604,low_risk_log_only
35.0,20,4,0,0,35.0,1.0,0,0.12224219,low_risk_log_only
104.5,20,5,0,0,104.5,1.0,0,0.21423008,low_risk_log_only
148.5,20,6,0,0,148.5,1.0,0,0.013638394,low_risk_log_only
216.0,20,0,0,0,216.0,1.0,0,0.29773223,low_risk_log_only
33.0,10,3,0,0,33.0,1.0,0,0.033655208,low_risk_log_only
78.4,20,0,0,0,78.4,1.0,0,0.1577579,low_risk_log_only
34.5,14,2,0,0,34.5,1.0,0,0.17833681,low_risk_log_only
28.0,21,2,0,0,28.0,1.0,0,0.27459246,low_risk_log_only
460.0,16,2,0,2,356.5,1.2903225806451613,1,0.92370903,high_risk_auto_flag
77.0,20,4,0,0,77.0,1.0,0,0.29147428,low_risk_log_only
20.0,19,4,0,0,20.0,1.0,0,0.0033741614,low_risk_log_only
154.0,23,0,1,0,154.0,1.0,0,0.09906583,low_risk_log_only
77.0,19,0,0,0,77.0,1.0,0,0.3837607,low_risk_log_only
136.5,12,5,0,1,273.0,0.5,0,0.16235997,low_risk_log_only
62.1,9,5,0,0,62.1,1.0,0,0.03777034,low_risk_log_only
33.0,21,3,0,0,33.0,1.0,0,0.09137725,low_risk_log_only
69.0,10,1,0,0,69.0,1.0,0,0.031723328,low_risk_log_only
429.0,18,4,0,0,429.0,1.0,0,0.72937036,high_risk_auto_flag
220.0,9,0,0,0,220.0,1.0,0,0.17806341,low_risk_log_only
268.8,14,4,0,1,135.6,1.9823008849557524,0,0.30923843,low_risk_log_only
176.0,13,5,0,0,176.0,1.0,0,0.34400788,low_risk_log_only
34.5,15,1,0,1,69.0,0.5,0,0.30424228,low_risk_log_only
297.0,9,2,0,0,297.0,1.0,0,0.108145714,low_risk_log_only
69.0,8,4,0,0,69.0,1.0,0,0.034550108,low_risk_log_only
70.0,13,4,0,0,70.0,1.0,0,0.093887575,low_risk_log_only
44.0,17,4,0,0,44.0,1.0,0,0.2647223,low_risk_log_only
56.0,15,2,0,1,134.4,0.41666666666666663,0,0.16355906,low_risk_log_only
240.0,14,0,0,0,240.0,1.0,0,0.03097747,low_risk_log_only
190.4,14,3,0,1,112.0,1.7,1,0.7129629,high_risk_auto_flag
95.2,15,5,0,4,95.2,1.0,1,0.98924994,high_risk_auto_flag
143.0,19,6,0,0,143.0,1.0,0,0.016286511,low_risk_log_only
352.0,10,3,0,0,352.0,1.0,0,0.0714924,low_risk_log_only
103.5,14,2,0,0,103.5,1.0,0,0.08079007,low_risk_log_only
23.0,23,3,1,1,23.0,1.0,0,0.021951405,low_risk_log_only
46.0,16,4,0,2,46.0,1.0,1,0.9668686,high_risk_auto_flag
69.0,13,0,0,1,134.4,0.5133928571428571,0,0.18337105,low_risk_log_only
172.75,16,2,0,0,172.75,1.0,0,0.28220528,low_risk_log_only
134.4,11,0,0,0,134.4,1.0,0,0.07077607,low_risk_log_only
220.0,10,3,0,0,220.0,1.0,0,0.24301262,low_risk_log_only
20.0,13,6,0,0,20.0,1.0,0,0.00018960313,low_risk_log_only
20.0,13,5,0,0,20.0,1.0,0,0.0007172201,low_risk_log_only
123.3,12,1,0,0,123.3,1.0,0,0.07830287,low_risk_log_only
88.0,21,4,0,1,179.2,0.4910714285714286,0,0.042171743,low_risk_log_only
630.0,10,1,0,0,630.0,1.0,0,0.16911371,low_risk_log_only
67.2,19,4,0,1,56.0,1.2,0,0.3428299,low_risk_log_only
23.0,11,4,0,1,23.0,1.0,0,0.11575074,low_risk_log_only
143.0,14,0,0,0,143.0,1.0,0,0.029457236,low_risk_log_only
89.6,14,3,0,0,89.6,1.0,0,0.055127125,low_risk_log_only
165.0,21,1,0,0,165.0,1.0,0,0.24268092,low_risk_log_only
176.0,10,2,0,0,176.0,1.0,0,0.12109076,low_risk_log_only
630.0,10,0,0,0,630.0,1.0,0,0.03783727,low_risk_log_only
63.94,17,2,0,0,63.94,1.0,0,0.48392314,medium_risk_human_review
77.0,23,2,1,2,138.0,0.5579710144927537,0,0.17681736,low_risk_log_only
66.0,0,1,1,0,66.0,1.0,0,0.33133414,low_risk_log_only
23.0,23,3,1,1,23.0,1.0,0,0.021951405,low_risk_log_only
172.5,0,3,1,1,78.4,2.200255102040816,0,0.6180143,medium_risk_human_review
15.0,18,4,0,0,15.0,1.0,0,0.001132848,low_risk_log_only
265.0,13,4,0,0,265.0,1.0,0,0.17679317,low_risk_log_only
132.0,13,4,0,0,132.0,1.0,0,0.16546868,low_risk_log_only
24.0,17,1,0,0,24.0,1.0,0,0.025455441,low_risk_log_only
110.0,12,5,0,1,110.0,1.0,1,0.7818795,high_risk_auto_flag
132.0,10,4,0,0,132.0,1.0,0,0.13800326,low_risk_log_only
67.2,23,3,1,0,67.2,1.0,0,0.0836857,low_risk_log_only
34.5,13,0,0,0,34.5,1.0,0,0.19603567,low_risk_log_only
132.0,18,3,0,0,132.0,1.0,0,0.2244021,low_risk_log_only
68.66,20,5,0,0,68.66,1.0,0,0.0634528,low_risk_log_only
78.4,23,2,1,1,88.0,0.890909090909091,0,0.12779084,low_risk_log_only
440.0,21,2,0,5,304.04,1.447178002894356,1,0.98972976,high_risk_auto_flag
16.5,11,5,0,0,16.5,1.0,0,0.00065431424,low_risk_log_only
31.59,21,6,0,0,31.59,1.0,0,0.004417594,low_risk_log_only
224.0,11,0,0,0,224.0,1.0,0,0.06300254,low_risk_log_only
88.0,12,1,0,0,88.0,1.0,0,0.024968274,low_risk_log_only
15.0,12,1,0,0,15.0,1.0,0,0.0043480033,low_risk_log_only
89.6,16,6,0,1,110.0,0.8145454545454545,0,0.17058048,low_risk_log_only
154.0,22,3,0,0,154.0,1.0,0,0.065219395,low_risk_log_only
154.0,18,4,0,0,154.0,1.0,0,0.106324375,low_risk_log_only
78.4,20,6,0,0,78.4,1.0,0,0.014641197,low_risk_log_only
99.0,7,4,0,0,99.0,1.0,0,0.040650226,low_risk_log_only
34.5,17,1,0,0,34.5,1.0,0,0.47977644,medium_risk_human_review
352.0,13,2,0,0,352.0,1.0,0,0.048329577,low_risk_log_only
151.2,13,5,0,0,151.2,1.0,0,0.16550943,low_risk_log_only
123.3,16,6,0,0,123.3,1.0,0,0.04890713,low_risk_log_only
69.0,16,1,0,2,60.635000000000005,1.1379566257112228,0,0.69216293,medium_risk_human_review
286.0,1,4,1,0,286.0,1.0,0,0.27495128,low_risk_log_only
70.0,11,1,0,1,78.4,0.8928571428571428,0,0.26682872,low_risk_log_only
440.0,22,2,0,0,440.0,1.0,1,0.66947764,medium_risk_human_review
23.0,20,1,0,0,23.0,1.0,0,0.00810316,low_risk_log_only
231.0,15,3,0,0,231.0,1.0,0,0.11656574,low_risk_log_only
55.0,15,0,0,0,55.0,1.0,0,0.4863104,medium_risk_human_review
55.0,20,4,0,0,55.0,1.0,0,0.3931166,low_risk_log_only
34.5,11,4,0,0,34.5,1.0,0,0.17728078,low_risk_log_only
75.6,9,0,0,0,75.6,1.0,0,0.04040196,low_risk_log_only
20.0,12,1,0,0,20.0,1.0,0,0.013484904,low_risk_log_only
110.0,8,4,0,0,110.0,1.0,0,0.1483585,low_risk_log_only
16.5,20,5,0,0,16.5,1.0,0,0.00020178207,low_risk_log_only
34.5,19,0,0,0,34.5,1.0,0,0.27743316,low_risk_log_only
112.0,20,0,0,0,112.0,1.0,0,0.31271002,low_risk_log_only
264.0,14,4,0,1,198.0,1.3333333333333333,0,0.47950915,medium_risk_human_review
23.0,17,4,0,0,23.0,1.0,0,0.0074746953,low_risk_log_only
235.2,10,3,0,0,235.2,1.0,0,0.066588685,low_risk_log_only
1012.0,22,2,0,0,1012.0,1.0,1,0.2756804,low_risk_log_only
115.0,20,1,0,0,115.0,1.0,0,0.31203067,low_risk_log_only
34.5,22,0,0,0,34.5,1.0,0,0.47284442,medium_risk_human_review
132.25,21,0,0,0,132.25,1.0,0,0.20091134,low_risk_log_only
345.0,13,4,0,0,345.0,1.0,0,0.10163532,low_risk_log_only
50.75,22,2,0,0,50.75,1.0,0,0.20980237,low_risk_log_only
517.5,15,5,0,2,603.75,0.8571428571428571,1,0.8074624,high_risk_auto_flag
100.8,19,2,0,0,100.8,1.0,0,0.20508407,low_risk_log_only
195.5,15,0,0,0,195.5,1.0,0,0.32136238,low_risk_log_only
25.0,7,3,0,0,25.0,1.0,0,0.014697929,low_risk_log_only
10.0,12,3,0,0,10.0,1.0,0,0.002024255,low_risk_log_only
132.0,10,3,0,1,121.0,1.0909090909090908,0,0.70696634,high_risk_auto_flag
156.8,13,0,0,0,156.8,1.0,0,0.016909355,low_risk_log_only
46.0,20,3,0,0,46.0,1.0,0,0.21470033,low_risk_log_only
112.0,10,0,0,0,112.0,1.0,0,0.14637922,low_risk_log_only
115.5,10,3,0,1,115.5,1.0,0,0.64499277,medium_risk_human_review
15.0,10,6,0,0,15.0,1.0,0,8.751151e-05,low_risk_log_only
132.0,14,4,0,0,132.0,1.0,0,0.1937713,low_risk_log_only
44.0,22,2,0,0,44.0,1.0,0,0.13970539,low_risk_log_only
46.0,13,5,0,1,46.0,1.0,0,0.49618554,medium_risk_human_review
43.0,15,5,0,0,43.0,1.0,0,0.048129365,low_risk_log_only
10.0,13,1,0,0,10.0,1.0,0,0.0040841983,low_risk_log_only
15.0,12,3,0,0,15.0,1.0,0,0.002024255,low_risk_log_only
50.75,16,5,0,1,50.75,1.0,0,0.2537867,low_risk_log_only
100.8,15,5,0,0,100.8,1.0,0,0.28414157,low_risk_log_only
34.5,20,4,0,0,34.5,1.0,0,0.12224219,low_risk_log_only
241.5,15,0,0,0,241.5,1.0,0,0.062254652,low_risk_log_only
34.5,20,5,0,2,51.75,0.6666666666666666,0,0.04065577,low_risk_log_only
23.0,16,3,0,0,23.0,1.0,0,0.0065959487,low_risk_log_only
30.0,19,2,0,0,30.0,1.0,0,0.27459246,low_risk_log_only
77.0,20,3,0,0,77.0,1.0,0,0.29147428,low_risk_log_only
16.5,13,3,0,0,16.5,1.0,0,0.0015053486,low_risk_log_only
15.0,12,1,0,0,15.0,1.0,0,0.0043480033,low_risk_log_only
78.4,10,4,0,0,78.4,1.0,0,0.07837371,low_risk_log_only
143.0,22,6,0,0,143.0,1.0,0,0.014871542,low_risk_log_only
154.0,22,1,0,0,154.0,1.0,0,0.04755904,low_risk_log_only
143.0,0,2,1,0,143.0,1.0,0,0.106408134,low_risk_log_only
99.0,1,3,1,1,77.0,1.2857142857142858,0,0.6250495,medium_risk_human_review
144.0,11,4,0,0,144.0,1.0,0,0.13210788,low_risk_log_only
16.5,15,4,0,0,16.5,1.0,0,0.0015068853,low_risk_log_only
121.0,17,3,0,1,77.0,1.5714285714285714,0,0.5223785,medium_risk_human_review
46.0,21,3,0,0,46.0,1.0,0,0.21470033,low_risk_log_only
15.0,12,3,0,0,15.0,1.0,0,0.002024255,low_risk_log_only
84.0,14,5,0,0,84.0,1.0,0,0.04555243,low_risk_log_only
2.2,23,1,1,0,2.2,1.0,0,0.003271516,low_risk_log_only
93.15,13,3,0,0,93.15,1.0,0,0.053518366,low_risk_log_only
78.4,13,0,0,0,78.4,1.0,0,0.05791213,low_risk_log_only
176.0,23,2,1,0,176.0,1.0,0,0.46737024,medium_risk_human_review
168.0,9,0,0,0,168.0,1.0,0,0.09227743,low_risk_log_only
34.5,0,1,1,0,34.5,1.0,0,0.29691073,low_risk_log_only
110.0,14,4,0,0,110.0,1.0,0,0.25533983,low_risk_log_only
143.0,3,6,1,0,143.0,1.0,0,0.056875374,low_risk_log_only
134.4,23,2,1,0,134.4,1.0,0,0.2851606,low_risk_log_only
121.0,18,2,0,1,154.0,0.7857142857142857,0,0.10215906,low_risk_log_only
46.0,20,1,0,0,46.0,1.0,0,0.184142,low_risk_log_only
120.75,15,3,0,0,120.75,1.0,0,0.2706958,low_risk_log_only
77.0,15,4,0,0,77.0,1.0,0,0.3061457,low_risk_log_only
184.0,8,3,0,0,184.0,1.0,0,0.102012195,low_risk_log_only
158.61,18,3,0,0,158.61,1.0,0,0.07438909,low_risk_log_only
132.0,22,2,0,0,132.0,1.0,0,0.20345087,low_risk_log_only
230.0,11,4,0,0,230.0,1.0,0,0.10604342,low_risk_log_only
143.0,12,4,0,0,143.0,1.0,0,0.09822334,low_risk_log_only
36.66,14,4,0,0,36.66,1.0,0,0.36731815,low_risk_log_only
132.0,22,4,0,0,132.0,1.0,0,0.2244021,low_risk_log_only
30.0,9,1,0,0,30.0,1.0,0,0.073656954,low_risk_log_only
66.0,9,2,0,0,66.0,1.0,0,0.15442285,low_risk_log_only
56.0,7,2,0,0,56.0,1.0,0,0.03964769,low_risk_log_only
112.0,20,1,0,0,112.0,1.0,0,0.31610364,low_risk_log_only
179.2,10,0,0,3,49.13333333333333,3.6472184531886023,0,0.9027251,high_risk_auto_flag
99.0,10,4,0,0,99.0,1.0,0,0.087014474,low_risk_log_only
67.2,9,0,0,0,67.2,1.0,0,0.036562286,low_risk_log_only
88.0,11,4,0,0,88.0,1.0,0,0.112333,low_risk_log_only
224.0,12,0,0,0,224.0,1.0,0,0.06143109,low_risk_log_only
198.0,9,2,0,0,198.0,1.0,0,0.16944031,low_risk_log_only
140.0,13,5,0,0,140.0,1.0,0,0.14794092,low_risk_log_only
1012.0,22,2,0,1,1012.0,1.0,1,0.6192148,medium_risk_human_review
198.0,18,5,0,0,198.0,1.0,0,0.37721866,low_risk_log_only
201.25,18,0,0,0,201.25,1.0,0,0.27563342,low_risk_log_only
20.0,13,4,0,0,20.0,1.0,0,0.0047525354,low_risk_log_only
15.0,10,1,0,0,15.0,1.0,0,0.0039362824,low_risk_log_only
77.0,17,4,0,0,77.0,1.0,0,0.30663517,low_risk_log_only
143.0,6,2,0,1,104.5,1.368421052631579,0,0.37399054,low_risk_log_only
10.0,21,0,0,0,10.0,1.0,0,0.003011404,low_risk_log_only
89.6,13,5,0,0,89.6,1.0,0,0.11899218,low_risk_log_only
88.0,0,4,1,0,88.0,1.0,0,0.15043606,low_risk_log_only
123.3,22,2,0,0,123.3,1.0,0,0.21001056,low_risk_log_only
92.0,15,3,0,1,92.0,1.0,0,0.3923534,low_risk_log_only
111.65,7,0,0,0,111.65,1.0,0,0.07091747,low_risk_log_only
34.5,14,3,0,0,34.5,1.0,0,0.10396551,low_risk_log_only
112.0,15,0,0,0,112.0,1.0,0,0.28360656,low_risk_log_only
55.0,15,0,0,0,55.0,1.0,0,0.4863104,medium_risk_human_review
33.0,21,1,0,0,33.0,1.0,0,0.23389336,low_risk_log_only
336.0,21,2,0,1,308.0,1.0909090909090908,0,0.4940824,medium_risk_human_review
165.0,14,5,0,3,165.0,1.0,1,0.9837779,high_risk_auto_flag
156.8,11,4,0,0,156.8,1.0,0,0.14686324,low_risk_log_only
10.0,23,4,1,0,10.0,1.0,0,0.00069117686,low_risk_log_only
30.0,18,2,0,0,30.0,1.0,0,0.27459246,low_risk_log_only
27.0,22,4,0,0,27.0,1.0,0,0.1224428,low_risk_log_only
156.8,10,0,0,0,156.8,1.0,0,0.020079007,low_risk_log_only
55.0,20,0,0,0,55.0,1.0,0,0.3415945,low_risk_log_only
154.0,21,2,0,0,154.0,1.0,0,0.04755904,low_risk_log_only
89.6,20,2,0,0,89.6,1.0,0,0.06514684,low_risk_log_only
154.0,21,0,0,0,154.0,1.0,0,0.044434074,low_risk_log_only
172.5,19,4,0,0,172.5,1.0,0,0.45864803,medium_risk_human_review
89.6,11,4,0,1,34.5,2.597101449275362,0,0.42113972,low_risk_log_only
110.0,13,5,0,18,124.0611111111111,0.886659800277641,1,0.9969975,high_risk_auto_flag
121.0,22,2,0,0,121.0,1.0,0,0.21427143,low_risk_log_only
121.0,9,3,0,0,121.0,1.0,0,0.20894395,low_risk_log_only
48.0,18,0,0,0,48.0,1.0,0,0.15887742,low_risk_log_only
143.0,13,3,0,0,143.0,1.0,0,0.07658514,low_risk_log_only
110.0,16,0,0,9,134.44444444444446,0.8181818181818181,1,0.99872214,high_risk_auto_flag
110.0,21,1,0,1,201.25,0.546583850931677,0,0.35035998,low_risk_log_only
134.4,23,1,1,0,134.4,1.0,0,0.29223636,low_risk_log_only
153.0,6,2,0,5,31.103999999999996,4.918981481481482,1,0.9762931,high_risk_auto_flag
132.0,1,5,1,1,297.0,0.4444444444444444,0,0.1256576,low_risk_log_only
78.4,14,0,0,0,78.4,1.0,0,0.07088559,low_risk_log_only
34.5,14,4,0,0,34.5,1.0,0,0.10396551,low_risk_log_only
78.4,11,3,0,0,78.4,1.0,0,0.23198651,low_risk_log_only
120.0,22,0,0,0,120.0,1.0,0,0.24644595,low_risk_log_only
57.5,13,0,0,0,57.5,1.0,0,0.14314194,low_risk_log_only
49.5,13,0,0,0,49.5,1.0,0,0.11418774,low_risk_log_only
33.0,14,4,0,0,33.0,1.0,0,0.06245198,low_risk_log_only
275.0,19,0,0,0,275.0,1.0,0,0.10619314,low_risk_log_only
209.0,23,2,1,0,209.0,1.0,0,0.6535156,medium_risk_human_review
100.8,20,1,0,0,100.8,1.0,0,0.20508407,low_risk_log_only
1460.0,10,0,0,0,1460.0,1.0,0,0.0074284645,low_risk_log_only
46.0,16,0,0,0,46.0,1.0,0,0.6421367,medium_risk_human_review
62.1,19,2,0,0,62.1,1.0,0,0.42904618,low_risk_log_only
23.0,20,3,0,1,23.0,1.0,0,0.032066856,low_risk_log_only
15.0,14,5,0,1,23.0,0.6521739130434783,0,0.004333269,low_risk_log_only
110.0,12,5,0,14,128.07857142857142,0.858847805476549,1,0.99869186,high_risk_auto_flag
88.0,19,3,0,0,88.0,1.0,0,0.073163785,low_risk_log_only
440.0,18,4,0,0,440.0,1.0,0,0.66786504,medium_risk_human_review
70.0,8,3,0,0,70.0,1.0,0,0.031584527,low_risk_log_only
420.0,2,5,1,1,210.0,2.0,0,0.9601321,high_risk_auto_flag
172.5,21,4,0,1,168.0,1.0267857142857142,0,0.7905899,high_risk_auto_flag
231.0,13,4,0,0,231.0,1.0,0,0.0948753,low_risk_log_only
21.47,0,6,1,0,21.47,1.0,0,0.028044092,low_risk_log_only
235.2,15,0,0,0,235.2,1.0,0,0.062254652,low_risk_log_only
250.0,16,6,0,4,250.0,1.0,1,0.99441093,high_risk_auto_flag
23.0,19,3,0,0,23.0,1.0,0,0.0026222628,low_risk_log_only
69.0,16,3,0,0,69.0,1.0,0,0.18507572,low_risk_log_only
109.61,13,3,0,0,109.61,1.0,0,0.15813725,low_risk_log_only
78.4,8,3,0,0,78.4,1.0,0,0.0370253,low_risk_log_only
89.6,7,2,0,0,89.6,1.0,0,0.006623536,low_risk_log_only
20.0,9,3,0,0,20.0,1.0,0,0.0048455386,low_risk_log_only
132.0,22,4,0,0,132.0,1.0,0,0.2244021,low_risk_log_only
89.6,20,2,0,0,89.6,1.0,0,0.06514684,low_risk_log_only
16.5,12,2,0,0,16.5,1.0,0,0.0033118573,low_risk_log_only
201.6,18,4,0,0,201.6,1.0,0,0.3860656,low_risk_log_only
70.0,19,4,0,0,70.0,1.0,0,0.17868426,low_risk_log_only
112.0,20,6,0,0,112.0,1.0,0,0.069914795,low_risk_log_only
123.3,19,4,0,0,123.3,1.0,0,0.23144096,low_risk_log_only
104.5,1,2,1,0,104.5,1.0,0,0.0964951,low_risk_log_only
20.0,20,5,0,0,20.0,1.0,0,0.00046506897,low_risk_log_only
53.0,8,3,0,0,53.0,1.0,0,0.08805572,low_risk_log_only
23.0,10,5,0,0,23.0,1.0,0,0.00063034764,low_risk_log_only
104.5,11,0,0,0,104.5,1.0,0,0.12330774,low_risk_log_only
69.0,22,2,0,0,69.0,1.0,0,0.15002212,low_risk_log_only
165.0,16,0,0,0,165.0,1.0,0,0.18612409,low_risk_log_only
103.5,19,5,0,0,103.5,1.0,0,0.2734634,low_risk_log_only
99.0,19,4,0,0,99.0,1.0,0,0.1876636,low_risk_log_only
172.5,15,4,0,1,172.5,1.0,0,0.87467545,high_risk_auto_flag
156.8,8,3,0,0,156.8,1.0,0,0.03698018,low_risk_log_only
172.5,22,3,0,0,172.5,1.0,0,0.45864803,medium_risk_human_review
55.0,13,3,0,0,55.0,1.0,0,0.39406618,low_risk_log_only
55.0,0,5,1,0,55.0,1.0,0,0.5982481,medium_risk_human_review
220.0,19,0,0,0,220.0,1.0,0,0.18760782,low_risk_log_only
99.0,14,4,0,0,99.0,1.0,0,0.1297293,low_risk_log_only
156.8,17,2,0,0,156.8,1.0,0,0.05468163,low_risk_log_only
143.0,8,4,0,0,143.0,1.0,0,0.034942493,low_risk_log_only
143.0,20,5,0,0,143.0,1.0,0,0.15859167,low_risk_log_only
172.5,11,4,0,0,172.5,1.0,0,0.32267845,low_risk_log_only
46.0,23,2,1,0,46.0,1.0,0,0.100358635,low_risk_log_only
23.0,23,3,1,0,23.0,1.0,0,0.0021722058,low_risk_log_only
109.61,23,3,1,0,109.61,1.0,0,0.13454382,low_risk_log_only
36.66,14,4,0,0,36.66,1.0,0,0.36731815,low_risk_log_only
84.0,20,3,0,0,84.0,1.0,0,0.073163785,low_risk_log_only
100.8,18,5,0,0,100.8,1.0,0,0.27697185,low_risk_log_only
302.4,12,0,0,0,302.4,1.0,0,0.17283583,low_risk_log_only
23.0,1,4,1,0,23.0,1.0,0,0.07797068,low_risk_log_only
132.0,1,5,1,0,132.0,1.0,0,0.3558957,low_risk_log_only
235.2,17,2,0,0,235.2,1.0,0,0.09871604,low_risk_log_only
99.0,14,3,0,0,99.0,1.0,0,0.15865925,low_risk_log_only
33.0,18,3,0,0,33.0,1.0,0,0.09137725,low_risk_log_only
33.0,14,2,0,0,33.0,1.0,0,0.117479265,low_risk_log_only
78.4,8,1,0,0,78.4,1.0,0,0.015665868,low_risk_log_only
49.5,15,4,0,1,49.5,1.0,0,0.7187965,high_risk_auto_flag
264.0,11,1,0,0,264.0,1.0,0,0.15878907,low_risk_log_only
154.0,21,0,0,0,154.0,1.0,0,0.044434074,low_risk_log_only
16.5,16,4,0,0,16.5,1.0,0,0.00229204,low_risk_log_only
154.0,17,3,0,0,154.0,1.0,0,0.07569633,low_risk_log_only
34.5,14,3,0,0,34.5,1.0,0,0.10396551,low_risk_log_only
190.4,14,2,0,1,190.4,1.0,1,0.8370161,high_risk_auto_flag
27.63,15,2,0,0,27.63,1.0,0,0.26594734,low_risk_log_only
89.6,12,0,0,1,156.8,0.5714285714285714,0,0.050280582,low_risk_log_only
154.0,13,3,0,1,148.5,1.037037037037037,0,0.31944087,low_risk_log_only
20.0,10,6,0,0,20.0,1.0,0,0.00019904246,low_risk_log_only
201.25,18,0,0,0,201.25,1.0,0,0.27563342,low_risk_log_only
14.0,10,5,0,0,14.0,1.0,0,0.00032162815,low_risk_log_only
10.0,17,5,0,0,10.0,1.0,0,0.00047278797,low_risk_log_only
46.0,17,6,0,0,46.0,1.0,0,0.03373079,low_risk_log_only
165.0,17,2,0,0,165.0,1.0,0,0.38364422,low_risk_log_only
10.0,21,5,0,1,10.0,1.0,0,0.0013010144,low_risk_log_only
55.0,11,4,0,0,55.0,1.0,0,0.6165941,medium_risk_human_review
23.0,18,3,0,0,23.0,1.0,0,0.0026222628,low_risk_log_only
34.5,14,2,0,0,34.5,1.0,0,0.17833681,low_risk_log_only
187.0,19,1,0,0,187.0,1.0,0,0.24612285,low_risk_log_only
308.0,23,3,1,0,308.0,1.0,0,0.22409344,low_risk_log_only
154.0,15,4,0,1,143.0,1.0769230769230769,0,0.38621256,low_risk_log_only
33.0,21,3,0,0,33.0,1.0,0,0.09137725,low_risk_log_only
88.99,0,3,1,0,88.99,1.0,0,0.14659041,low_risk_log_only
69.0,12,3,0,0,69.0,1.0,0,0.14707229,low_risk_log_only
155.25,22,3,0,0,155.25,1.0,0,0.065219395,low_risk_log_only
112.0,10,1,0,0,112.0,1.0,0,0.1215168,low_risk_log_only
34.5,22,3,0,0,34.5,1.0,0,0.14839052,low_risk_log_only
187.0,13,3,0,0,187.0,1.0,0,0.23663363,low_risk_log_only
630.0,11,0,0,1,80.5,7.826086956521739,0,0.26770627,low_risk_log_only
115.0,15,3,0,0,115.0,1.0,0,0.35367912,low_risk_log_only
201.25,21,0,0,0,201.25,1.0,0,0.2676016,low_risk_log_only
180.0,13,1,0,0,180.0,1.0,0,0.20098917,low_risk_log_only
78.4,19,0,0,1,156.8,0.5,0,0.07121076,low_risk_log_only
120.0,14,4,0,0,120.0,1.0,0,0.20173772,low_risk_log_only
46.0,11,1,0,0,46.0,1.0,0,0.25756022,low_risk_log_only
15.0,22,3,0,0,15.0,1.0,0,0.0014169923,low_risk_log_only
135.0,12,4,0,0,135.0,1.0,0,0.1406052,low_risk_log_only
112.0,19,1,0,0,112.0,1.0,0,0.31610364,low_risk_log_only
44.42,14,5,0,3,79.08666666666666,0.5616623113883504,0,0.49535173,medium_risk_human_review
46.0,0,4,1,0,46.0,1.0,0,0.5856996,medium_risk_human_review
46.0,8,3,0,0,46.0,1.0,0,0.14248998,low_risk_log_only
138.0,10,2,0,0,138.0,1.0,0,0.047229078,low_risk_log_only
176.0,11,1,0,0,176.0,1.0,0,0.1593227,low_risk_log_only
80.5,11,4,0,0,80.5,1.0,0,0.13415314,low_risk_log_only
110.0,23,4,1,0,110.0,1.0,0,0.1831725,low_risk_log_only
210.0,23,3,1,0,210.0,1.0,0,0.6470128,medium_risk_human_review
112.0,14,3,0,0,112.0,1.0,1,0.2577658,low_risk_log_only
16.5,9,5,0,0,16.5,1.0,0,0.00032162815,low_risk_log_only
57.5,15,1,0,5,52.9,1.0869565217391304,1,0.9899686,high_risk_auto_flag
132.0,22,1,0,0,132.0,1.0,0,0.20345087,low_risk_log_only
29.34,20,5,0,0,29.34,1.0,0,0.021954518,low_risk_log_only
209.0,19,1,0,0,209.0,1.0,1,0.40541708,low_risk_log_only
121.0,8,4,0,0,121.0,1.0,0,0.105089694,low_risk_log_only
143.0,18,6,0,0,143.0,1.0,0,0.016286511,low_risk_log_only
176.0,9,4,0,0,176.0,1.0,0,0.27258235,low_risk_log_only
112.0,22,2,0,0,112.0,1.0,0,0.31610364,low_risk_log_only
180.0,13,5,0,2,90.445,1.9901597656034056,0,0.8581551,high_risk_auto_flag
121.0,8,3,0,0,121.0,1.0,0,0.105089694,low_risk_log_only
198.0,13,2,0,0,198.0,1.0,0,0.18374063,low_risk_log_only
55.0,22,4,0,0,55.0,1.0,0,0.4476564,low_risk_log_only
104.5,10,4,0,0,104.5,1.0,0,0.1743093,low_risk_log_only
59.99,20,3,0,0,59.99,1.0,0,0.47650918,medium_risk_human_review
537.6,12,0,0,0,537.6,1.0,0,0.18641222,low_risk_log_only
20.0,16,3,0,0,20.0,1.0,0,0.0075061712,low_risk_log_only
92.0,0,3,1,0,92.0,1.0,0,0.18642756,low_risk_log_only
23.0,13,4,0,0,23.0,1.0,0,0.004098674,low_risk_log_only
154.0,21,1,0,0,154.0,1.0,0,0.04755904,low_risk_log_only
18.34,19,4,0,2,36.66,0.5002727768685216,1,0.57823265,medium_risk_human_review
220.0,15,2,0,1,220.0,1.0,0,0.8087881,high_risk_auto_flag
132.0,21,3,0,0,132.0,1.0,0,0.2244021,low_risk_log_only
830.0,12,0,0,1,440.0,1.8863636363636365,0,0.66507566,medium_risk_human_review
31.59,11,0,0,0,31.59,1.0,0,0.18036233,low_risk_log_only
156.8,20,3,0,0,156.8,1.0,0,0.06827657,low_risk_log_only
92.0,16,4,0,0,92.0,1.0,0,0.098229736,low_risk_log_only
78.4,9,1,0,0,78.4,1.0,0,0.034003153,low_risk_log_only
336.0,17,4,0,1,231.0,1.4545454545454546,0,0.16254784,low_risk_log_only
99.0,10,4,0,0,99.0,1.0,0,0.087014474,low_risk_log_only
297.0,18,6,0,0,297.0,1.0,0,0.06628513,low_risk_log_only
231.0,16,1,0,0,231.0,1.0,0,0.095494404,low_risk_log_only
36.54,13,4,0,0,36.54,1.0,0,0.20643678,low_risk_log_only
34.5,14,1,0,0,34.5,1.0,0,0.2219378,low_risk_log_only
100.8,19,3,0,0,100.8,1.0,0,0.2261557,low_risk_log_only
88.0,19,3,0,0,88.0,1.0,0,0.073163785,low_risk_log_only
55.0,16,0,0,3,73.33333333333333,0.75,1,0.9576079,high_risk_auto_flag
70.0,13,3,0,0,70.0,1.0,0,0.093887575,low_risk_log_only
201.25,18,0,0,0,201.25,1.0,0,0.27563342,low_risk_log_only
78.4,15,1,0,1,44.8,1.7500000000000002,0,0.3886566,low_risk_log_only
77.0,0,2,1,0,77.0,1.0,0,0.23437443,low_risk_log_only
20.0,8,6,0,0,20.0,1.0,0,0.00012313058,low_risk_log_only
88.0,9,4,0,0,88.0,1.0,0,0.034401365,low_risk_log_only
55.0,12,1,0,0,55.0,1.0,0,0.2136734,low_risk_log_only
63.16,10,1,0,0,63.16,1.0,0,0.064386114,low_risk_log_only
257.6,11,2,0,0,257.6,1.0,0,0.17085262,low_risk_log_only
103.5,11,2,0,3,165.0,0.6272727272727273,0,0.7992506,high_risk_auto_flag
92.0,12,0,0,0,92.0,1.0,0,0.02850028,low_risk_log_only
10.0,15,5,0,0,10.0,1.0,0,0.00029819773,low_risk_log_only
224.0,11,0,0,0,224.0,1.0,0,0.06300254,low_risk_log_only
286.0,16,1,0,0,286.0,1.0,0,0.19288538,low_risk_log_only
46.0,15,1,0,0,46.0,1.0,0,0.5292416,medium_risk_human_review
99.0,8,3,0,0,99.0,1.0,0,0.050876655,low_risk_log_only
38.5,18,4,0,1,38.5,1.0,0,0.44351193,low_risk_log_only
336.0,21,4,0,0,336.0,1.0,0,0.13643943,low_risk_log_only
103.5,14,4,0,0,103.5,1.0,0,0.12775642,low_risk_log_only
100.8,22,4,0,0,100.8,1.0,0,0.1876636,low_risk_log_only
184.0,14,4,0,0,184.0,1.0,0,0.2829723,low_risk_log_only
89.6,12,3,0,0,89.6,1.0,0,0.07202485,low_risk_log_only
201.6,18,0,0,0,201.6,1.0,0,0.27563342,low_risk_log_only
73.34,22,5,0,0,73.34,1.0,0,0.0592267,low_risk_log_only
121.0,12,4,0,0,121.0,1.0,0,0.21565263,low_risk_log_only
78.4,11,3,0,0,78.4,1.0,0,0.23198651,low_risk_log_only
92.0,12,4,0,0,92.0,1.0,0,0.07898466,low_risk_log_only
88.0,22,3,0,0,88.0,1.0,0,0.073163785,low_risk_log_only
99.0,23,4,1,0,99.0,1.0,0,0.10044735,low_risk_log_only
77.0,18,0,0,0,77.0,1.0,0,0.3837607,low_risk_log_only
241.5,14,3,0,0,241.5,1.0,0,0.09651444,low_risk_log_only
10.0,18,5,0,0,10.0,1.0,0,0.00022411188,low_risk_log_only
132.0,19,5,0,0,132.0,1.0,0,0.31360954,low_risk_log_only
62.1,8,4,0,0,62.1,1.0,0,0.14418249,low_risk_log_only
880.0,10,2,0,0,880.0,1.0,0,0.16717225,low_risk_log_only
165.0,14,2,0,0,165.0,1.0,0,0.18284072,low_risk_log_only
88.0,9,4,0,1,88.0,1.0,0,0.18500458,low_risk_log_only
57.5,22,2,0,0,57.5,1.0,0,0.42566493,low_risk_log_only
92.0,17,4,0,0,92.0,1.0,0,0.098229736,low_risk_log_only
64.9,20,3,0,0,64.9,1.0,0,0.45981827,medium_risk_human_review
1260.0,12,0,0,0,1260.0,1.0,0,0.014875063,low_risk_log_only
23.0,21,1,0,0,23.0,1.0,0,0.00810316,low_risk_log_only
132.0,18,2,0,0,132.0,1.0,0,0.20345087,low_risk_log_only
358.4,15,5,0,1,345.0,1.0388405797101448,0,0.7432018,high_risk_auto_flag
35.0,11,6,0,1,70.0,0.5,0,0.022109149,low_risk_log_only
40.0,16,1,0,0,40.0,1.0,0,0.21250938,low_risk_log_only
46.0,15,0,0,0,46.0,1.0,0,0.55218965,medium_risk_human_review
78.4,13,0,0,0,78.4,1.0,0,0.05791213,low_risk_log_only
250.0,16,6,0,9,250.0,1.0,1,0.99908066,high_risk_auto_flag
110.0,13,0,0,0,110.0,1.0,1,0.1221314,low_risk_log_only
46.0,20,6,0,0,46.0,1.0,0,0.008860608,low_risk_log_only
50.0,13,5,0,0,50.0,1.0,0,0.04407542,low_risk_log_only
319.0,22,4,0,0,319.0,1.0,0,0.15192899,low_risk_log_only
72.0,7,5,0,0,72.0,1.0,0,0.011945066,low_risk_log_only
10.0,19,1,0,0,10.0,1.0,0,0.0029626878,low_risk_log_only
209.0,11,4,0,0,209.0,1.0,0,0.49913847,medium_risk_human_review
15.0,11,5,0,2,22.5,0.6666666666666666,0,0.022357687,low_risk_log_only
17.24,13,1,0,3,17.24,1.0,1,0.9748131,high_risk_auto_flag
34.5,15,0,0,0,34.5,1.0,0,0.4505676,medium_risk_human_review
154.0,13,2,0,0,154.0,1.0,0,0.016112441,low_risk_log_only
148.5,21,6,0,0,148.5,1.0,0,0.013638394,low_risk_log_only
414.0,22,4,0,0,414.0,1.0,0,0.71637684,high_risk_auto_flag
46.0,18,3,0,0,46.0,1.0,0,0.21470033,low_risk_log_only
44.0,8,3,0,0,44.0,1.0,0,0.0766785,low_risk_log_only
143.0,21,2,0,0,143.0,1.0,0,0.07050013,low_risk_log_only
143.0,16,6,0,1,143.0,1.0,0,0.11942773,low_risk_log_only
134.4,14,2,0,0,134.4,1.0,0,0.07714142,low_risk_log_only
528.0,23,5,1,0,528.0,1.0,0,0.7317905,high_risk_auto_flag
110.0,13,2,0,0,110.0,1.0,0,0.11830655,low_risk_log_only
104.5,18,2,0,0,104.5,1.0,0,0.2022315,low_risk_log_only
166.0,10,3,0,0,166.0,1.0,0,0.18746397,low_risk_log_only
155.0,13,2,0,0,155.0,1.0,0,0.016112441,low_risk_log_only
115.0,13,3,0,0,115.0,1.0,0,0.21944234,low_risk_log_only
92.0,20,3,0,0,92.0,1.0,0,0.08486615,low_risk_log_only
207.0,20,1,0,0,207.0,1.0,0,0.5200911,medium_risk_human_review
46.0,22,6,0,0,46.0,1.0,0,0.011061582,low_risk_log_only
10.0,22,2,0,0,10.0,1.0,0,0.0039827507,low_risk_log_only
31.59,22,5,0,4,27.5,1.1487272727272728,1,0.5336283,medium_risk_human_review
34.5,16,5,0,0,34.5,1.0,0,0.03233855,low_risk_log_only
154.0,0,2,1,0,154.0,1.0,0,0.10393049,low_risk_log_only
72.0,22,5,0,1,72.0,1.0,0,0.18903449,low_risk_log_only
27.5,7,1,0,0,27.5,1.0,0,0.03293551,low_risk_log_only
88.0,19,3,0,0,88.0,1.0,0,0.073163785,low_risk_log_only
78.4,9,1,0,0,78.4,1.0,0,0.034003153,low_risk_log_only
52.5,14,5,0,0,52.5,1.0,0,0.051271807,low_risk_log_only
92.0,17,1,0,0,92.0,1.0,0,0.096934564,low_risk_log_only
16.5,11,5,0,0,16.5,1.0,0,0.00065431424,low_risk_log_only
124.2,16,4,0,0,124.2,1.0,0,0.31546977,low_risk_log_only
13.5,8,2,0,0,13.5,1.0,0,0.0019366771,low_risk_log_only
99.0,13,4,0,0,99.0,1.0,0,0.10951023,low_risk_log_only
46.0,7,4,0,0,46.0,1.0,0,0.14248998,low_risk_log_only
36.66,19,4,0,1,36.66,1.0,1,0.6173449,medium_risk_human_review
15.0,10,6,0,0,15.0,1.0,0,8.751151e-05,low_risk_log_only
16.5,17,5,0,0,16.5,1.0,0,0.00047278797,low_risk_log_only
77.0,15,4,0,1,77.0,1.0,0,0.7174535,high_risk_auto_flag
231.0,9,2,0,0,231.0,1.0,0,0.036593582,low_risk_log_only
88.0,15,3,0,0,88.0,1.0,0,0.08566169,low_risk_log_only
198.0,17,3,0,0,198.0,1.0,0,0.33601016,low_risk_log_only
88.0,13,3,0,1,308.0,0.2857142857142857,0,0.19010605,low_risk_log_only
134.4,14,0,0,0,134.4,1.0,0,0.07873925,low_risk_log_only
78.15,20,0,0,0,78.15,1.0,1,0.3837607,low_risk_log_only
154.0,18,1,0,0,154.0,1.0,0,0.04755904,low_risk_log_only
55.0,20,4,0,0,55.0,1.0,0,0.3931166,low_risk_log_only
69.0,7,1,0,0,69.0,1.0,0,0.014596927,low_risk_log_only
70.0,23,4,1,0,70.0,1.0,0,0.08699567,low_risk_log_only
154.0,11,1,0,0,154.0,1.0,0,0.02039015,low_risk_log_only
154.0,10,1,0,0,154.0,1.0,0,0.015136534,low_risk_log_only
140.0,11,1,0,0,140.0,1.0,0,0.023919236,low_risk_log_only
16.5,11,3,0,1,33.0,0.5,0,0.083643176,low_risk_log_only
49.63,9,2,0,0,49.63,1.0,0,0.0687408,low_risk_log_only
100.8,14,1,0,1,100.8,1.0,0,0.42170253,low_risk_log_only
176.0,17,4,0,0,176.0,1.0,0,0.3189638,low_risk_log_only
89.6,20,0,0,2,67.4,1.3293768545994062,0,0.67992914,medium_risk_human_review
161.0,19,0,0,0,161.0,1.0,0,0.048794344,low_risk_log_only
38.5,18,2,0,0,38.5,1.0,0,0.13102506,low_risk_log_only
16.5,15,5,0,0,16.5,1.0,0,0.00029819773,low_risk_log_only
99.0,21,0,0,0,99.0,1.0,0,0.20478886,low_risk_log_only
92.0,10,5,0,0,92.0,1.0,0,0.08594659,low_risk_log_only
66.0,14,1,0,0,66.0,1.0,0,0.14724256,low_risk_log_only
451.0,11,4,0,0,451.0,1.0,0,0.70122266,high_risk_auto_flag
89.6,13,5,0,0,89.6,1.0,0,0.11899218,low_risk_log_only
15.0,18,5,0,1,15.0,1.0,0,0.0016610435,low_risk_log_only
20.0,9,3,0,0,20.0,1.0,0,0.0048455386,low_risk_log_only
78.4,22,1,0,0,78.4,1.0,0,0.15496404,low_risk_log_only
16.5,18,5,0,0,16.5,1.0,0,0.00022411188,low_risk_log_only
25.0,9,6,0,0,25.0,1.0,0,0.001347137,low_risk_log_only
207.0,16,2,0,0,207.0,1.0,0,0.5831299,medium_risk_human_review
88.0,23,1,1,0,88.0,1.0,0,0.08668413,low_risk_log_only
62.1,13,5,0,0,62.1,1.0,0,0.053374305,low_risk_log_only
44.0,21,0,0,0,44.0,1.0,0,0.10100061,low_risk_log_only
99.0,14,4,0,0,99.0,1.0,0,0.1297293,low_risk_log_only
46.0,19,3,0,0,46.0,1.0,0,0.21470033,low_risk_log_only
120.0,17,4,0,0,120.0,1.0,0,0.30917516,low_risk_log_only
154.0,20,4,0,0,154.0,1.0,0,0.09786517,low_risk_log_only
198.0,16,4,0,1,429.0,0.46153846153846156,0,0.2929512,low_risk_log_only
49.5,19,1,0,0,49.5,1.0,0,0.14691238,low_risk_log_only
46.0,23,1,1,0,46.0,1.0,0,0.119829506,low_risk_log_only
88.0,18,1,0,0,88.0,1.0,0,0.06514684,low_risk_log_only
110.0,18,6,0,0,110.0,1.0,0,0.043507002,low_risk_log_only
100.8,20,3,0,0,100.8,1.0,0,0.2261557,low_risk_log_only
280.0,15,1,0,1,145.6,1.9230769230769231,0,0.23984012,low_risk_log_only
10.0,23,2,1,0,10.0,1.0,0,0.0018870978,low_risk_log_only
275.0,11,5,0,0,275.0,1.0,0,0.29733807,low_risk_log_only
45.2,22,0,0,2,162.4,0.27832512315270935,0,0.14471416,low_risk_log_only
99.0,13,3,0,0,99.0,1.0,0,0.13462876,low_risk_log_only
160.0,2,3,1,0,160.0,1.0,0,0.54912174,medium_risk_human_review
77.0,21,0,0,0,77.0,1.0,0,0.34278727,low_risk_log_only
69.0,21,3,0,0,69.0,1.0,0,0.1666222,low_risk_log_only
10.0,0,3,1,0,10.0,1.0,0,0.022275336,low_risk_log_only
46.0,22,3,0,0,46.0,1.0,0,0.27887267,low_risk_log_only
44.0,23,3,1,0,44.0,1.0,0,0.07010794,low_risk_log_only
46.0,10,5,0,0,46.0,1.0,0,0.05234754,low_risk_log_only
143.0,23,6,1,0,143.0,1.0,0,0.19028327,low_risk_log_only
23.0,22,3,0,0,23.0,1.0,0,0.00370511,low_risk_log_only
112.0,17,2,0,0,112.0,1.0,0,0.35876372,low_risk_log_only
187.0,16,3,0,0,187.0,1.0,0,0.32524747,low_risk_log_only
78.4,20,3,0,0,78.4,1.0,0,0.17200032,low_risk_log_only
46.0,15,4,0,1,46.0,1.0,0,0.8759063,high_risk_auto_flag
104.5,17,4,0,0,104.5,1.0,0,0.1888245,low_risk_log_only
154.0,9,2,0,0,154.0,1.0,0,0.013981653,low_risk_log_only
156.8,21,1,0,0,156.8,1.0,0,0.04983251,low_risk_log_only
77.0,20,3,0,0,77.0,1.0,0,0.29147428,low_risk_log_only
67.2,18,5,0,1,67.2,1.0,0,0.2520274,low_risk_log_only
88.0,19,3,0,0,88.0,1.0,0,0.073163785,low_risk_log_only
110.0,22,0,0,1,154.0,0.7142857142857143,0,0.06807736,low_risk_log_only
88.0,16,1,0,0,88.0,1.0,0,0.083720304,low_risk_log_only
36.66,13,6,0,0,36.66,1.0,0,0.012299437,low_risk_log_only
537.8,21,4,0,0,537.8,1.0,0,0.74797285,high_risk_auto_flag
154.0,23,3,1,0,154.0,1.0,0,0.12756765,low_risk_log_only
80.5,19,0,0,0,80.5,1.0,0,0.07848201,low_risk_log_only
84.0,17,3,0,1,84.0,1.0,0,0.35232195,low_risk_log_only
286.0,13,6,0,0,286.0,1.0,0,0.062196534,low_risk_log_only
121.0,1,3,1,0,121.0,1.0,0,0.41483837,low_risk_log_only
46.0,16,4,0,1,46.0,1.0,1,0.8628224,high_risk_auto_flag
88.0,0,4,1,1,88.0,1.0,0,0.40379488,low_risk_log_only
20.59,1,3,1,0,20.59,1.0,0,0.2997978,low_risk_log_only
250.0,16,6,0,3,250.0,1.0,1,0.99201816,high_risk_auto_flag
33.0,8,5,0,0,33.0,1.0,0,0.0023611877,low_risk_log_only
280.0,10,4,0,2,212.8,1.3157894736842104,0,0.89237994,high_risk_auto_flag
69.0,11,0,0,0,69.0,1.0,0,0.08313204,low_risk_log_only
10.0,8,2,0,0,10.0,1.0,0,0.0019366771,low_risk_log_only
156.8,12,0,0,0,156.8,1.0,0,0.017275412,low_risk_log_only
88.0,15,4,0,0,88.0,1.0,0,0.08566169,low_risk_log_only
156.8,18,2,0,1,156.8,1.0,0,0.23159467,low_risk_log_only
89.6,11,3,0,0,89.6,1.0,0,0.112333,low_risk_log_only
78.4,9,3,0,0,78.4,1.0,0,0.07837371,low_risk_log_only
154.0,14,3,0,1,154.0,1.0,0,0.24972351,low_risk_log_only
517.5,15,5,0,1,690.0,0.75,1,0.8162496,high_risk_auto_flag
92.0,20,3,0,0,92.0,1.0,0,0.08486615,low_risk_log_only
291.2,21,1,0,0,291.2,1.0,0,0.30477393,low_risk_log_only
414.4,17,0,0,0,414.4,1.0,0,0.34248546,low_risk_log_only
46.0,22,3,0,0,46.0,1.0,0,0.27887267,low_risk_log_only
52.86,15,1,0,0,52.86,1.0,0,0.28933373,low_risk_log_only
132.0,20,2,0,2,112.75,1.170731707317073,0,0.8662855,high_risk_auto_flag
257.6,13,2,0,0,257.6,1.0,0,0.13250747,low_risk_log_only
69.0,20,1,0,0,69.0,1.0,0,0.17405652,low_risk_log_only
89.6,20,2,0,1,112.0,0.7999999999999999,0,0.53722507,medium_risk_human_review
207.0,10,2,0,0,207.0,1.0,0,0.3635887,low_risk_log_only
20.0,12,6,0,0,20.0,1.0,0,0.00025507621,low_risk_log_only
124.2,16,2,0,0,124.2,1.0,0,0.24991247,low_risk_log_only
46.69,11,1,0,0,46.69,1.0,0,0.16776697,low_risk_log_only
172.5,9,3,0,4,127.125,1.3569321533923304,1,0.9754667,high_risk_auto_flag
138.0,10,2,0,0,138.0,1.0,0,0.047229078,low_risk_log_only
132.0,9,2,0,0,132.0,1.0,0,0.0579649,low_risk_log_only
23.0,14,4,0,1,23.0,1.0,0,0.062483836,low_risk_log_only
34.5,17,2,0,0,34.5,1.0,0,0.42356965,low_risk_log_only
156.8,18,0,0,0,156.8,1.0,0,0.046565466,low_risk_log_only
224.0,13,6,0,0,224.0,1.0,0,0.37368152,low_risk_log_only
80.5,13,5,0,1,336.0,0.23958333333333334,0,0.19584508,low_risk_log_only
99.0,8,4,0,0,99.0,1.0,0,0.040650226,low_risk_log_only
89.6,22,6,0,0,89.6,1.0,0,0.011011172,low_risk_log_only
132.25,18,1,0,0,132.25,1.0,0,0.20345087,low_risk_log_only
132.0,12,4,0,0,132.0,1.0,0,0.16417703,low_risk_log_only
138.0,8,3,0,0,138.0,1.0,0,0.055967867,low_risk_log_only
66.0,22,3,0,0,66.0,1.0,0,0.46684182,medium_risk_human_review
154.0,18,2,0,0,154.0,1.0,0,0.04755904,low_risk_log_only
132.25,9,1,0,0,132.25,1.0,0,0.0579649,low_risk_log_only
88.0,16,4,0,0,88.0,1.0,0,0.08485553,low_risk_log_only
117.23,19,0,0,4,303.0175,0.3868753454833467,1,0.8670219,high_risk_auto_flag
126.5,11,1,0,0,126.5,1.0,0,0.21845447,low_risk_log_only
156.8,15,4,0,0,156.8,1.0,0,0.101136535,low_risk_log_only
46.0,16,4,0,0,46.0,1.0,0,0.60069776,medium_risk_human_review
69.0,17,4,0,0,69.0,1.0,0,0.18507572,low_risk_log_only
110.0,15,4,0,0,110.0,1.0,0,0.35509464,low_risk_log_only
121.0,13,4,0,0,121.0,1.0,0,0.16015051,low_risk_log_only
112.0,23,1,1,1,112.0,1.0,1,0.7423774,high_risk_auto_flag
15.0,9,6,0,0,15.0,1.0,0,8.751151e-05,low_risk_log_only
20.0,20,5,0,1,20.0,1.0,0,0.008048451,low_risk_log_only
49.5,21,0,0,0,49.5,1.0,0,0.15887742,low_risk_log_only
230.0,23,3,1,0,230.0,1.0,0,0.19502431,low_risk_log_only
